logged_at_utc,city,data_source,input_hours_used,variant_a_predicted_24h,variant_b_predicted_24h,variant_c_predicted_24h,variant_d_predicted_24h,actual_pm25,actual_source,actual_logged_at
2026-10-05T12:38:26.252947+00:00,Manila,"NASA GEOS-CF v2 (S3, live)",28,"[18.18, 18.37, 17.78, 17.11, 16.71, 16.1, 15.96, 16.08, 15.99, 15.51, 15.62, 14.92, 14.72, 15.49, 15.58, 15.14, 15.29, 15.32, 14.86, 14.73, 14.43, 13.57, 13.36, 13.06]","[15.91, 17.23, 18.67, 18.53, 17.3, 15.75, 15.33, 15.45, 15.8, 15.69, 15.88, 17.53, 15.66, 13.52, 14.19, 16.07, 16.35, 14.35, 12.28, 13.97, 17.6, 15.63, 11.31, 8.92]","[73.08, 63.77, 51.88, 41.35, 33.04, 26.85, 24.15, 25.07, 26.86, 26.11, 23.57, 22.92, 23.06, 23.19, 22.21, 21.6, 19.0, 15.35, 13.96, 14.74, 15.83, 15.85, 16.22, 17.17]","[51.69, 46.63, 42.24, 33.11, 29.95, 26.68, 23.11, 21.96, 16.87, 16.42, 15.27, 15.71, 14.65, 15.07, 16.09, 16.57, 16.88, 15.83, 16.05, 17.31, 16.63, 16.86, 16.64, 16.55]",,,
2026-10-05T12:38:31.217255+00:00,Manila,"NASA GEOS-CF v2 (S3, live)",28,"[18.18, 18.37, 17.78, 17.11, 16.71, 16.1, 15.96, 16.08, 15.99, 15.51, 15.62, 14.92, 14.72, 15.49, 15.58, 15.14, 15.29, 15.32, 14.86, 14.73, 14.43, 13.57, 13.36, 13.06]","[15.91, 17.23, 18.67, 18.53, 17.3, 15.75, 15.33, 15.45, 15.8, 15.69, 15.88, 17.53, 15.66, 13.52, 14.19, 16.07, 16.35, 14.35, 12.28, 13.97, 17.6, 15.63, 11.31, 8.92]","[73.08, 63.77, 51.88, 41.35, 33.04, 26.85, 24.15, 25.07, 26.86, 26.11, 23.57, 22.92, 23.06, 23.19, 22.21, 21.6, 19.0, 15.35, 13.96, 14.74, 15.83, 15.85, 16.22, 17.17]","[51.69, 46.63, 42.24, 33.11, 29.95, 26.68, 23.11, 21.96, 16.87, 16.42, 15.27, 15.71, 14.65, 15.07, 16.09, 16.57, 16.88, 15.83, 16.05, 17.31, 16.63, 16.86, 16.64, 16.55]",,,
2026-10-05T12:38:38.874851+00:00,Manila,OpenAQ (ground sensor),44,"[14.66, 14.42, 14.71, 14.96, 15.23, 14.69, 12.86, 11.06, 10.32, 10.55, 10.62, 10.13, 9.79, 10.31, 11.04, 11.39, 11.0, 10.19, 9.66, 10.27, 10.77, 10.97, 11.57, 11.98]","[23.05, 21.85, 20.97, 20.31, 19.33, 17.64, 16.45, 15.52, 14.41, 13.9, 13.87, 13.64, 13.65, 13.56, 12.87, 12.25, 12.08, 12.08, 13.02, 13.77, 13.89, 13.76, 13.25, 11.77]","[22.62, 22.23, 20.06, 17.46, 15.52, 14.58, 14.47, 14.26, 14.12, 13.84, 13.42, 13.17, 12.92, 13.46, 14.23, 15.24, 16.14, 16.83, 17.09, 16.83, 16.34, 15.71, 15.31, 15.01]","[24.94, 22.75, 21.08, 18.64, 18.06, 17.29, 15.89, 16.62, 15.49, 15.07, 15.89, 15.19, 15.38, 14.44, 15.25, 15.77, 16.21, 16.15, 16.31, 16.99, 17.38, 17.12, 17.16, 17.43]",,,
2026-10-05T12:40:38.859853+00:00,Manila,"NASA GEOS-CF v2 (S3, live)",28,"[18.18, 18.37, 17.78, 17.11, 16.71, 16.1, 15.96, 16.08, 15.99, 15.51, 15.62, 14.92, 14.72, 15.49, 15.58, 15.14, 15.29, 15.32, 14.86, 14.73, 14.43, 13.57, 13.36, 13.06]","[15.91, 17.23, 18.67, 18.53, 17.3, 15.75, 15.33, 15.45, 15.8, 15.69, 15.88, 17.53, 15.66, 13.52, 14.19, 16.07, 16.35, 14.35, 12.28, 13.97, 17.6, 15.63, 11.31, 8.92]","[73.08, 63.77, 51.88, 41.35, 33.04, 26.85, 24.15, 25.07, 26.86, 26.11, 23.57, 22.92, 23.06, 23.19, 22.21, 21.6, 19.0, 15.35, 13.96, 14.74, 15.83, 15.85, 16.22, 17.17]","[51.69, 46.63, 42.24, 33.11, 29.95, 26.68, 23.11, 21.96, 16.87, 16.42, 15.27, 15.71, 14.65, 15.07, 16.09, 16.57, 16.88, 15.83, 16.05, 17.31, 16.63, 16.86, 16.64, 16.55]",,,
2026-10-05T12:42:48.227116+00:00,Manila,"NASA GEOS-CF v2 (S3, live)",28,"[16.08, 16.53, 16.18, 15.71, 15.37, 14.73, 14.53, 14.65, 14.63, 14.22, 14.39, 13.75, 13.55, 14.22, 14.33, 13.99, 14.05, 14.04, 13.75, 13.68, 13.34, 12.54, 12.4, 12.12]","[13.15, 13.36, 14.46, 15.51, 15.44, 14.24, 12.95, 12.68, 14.12, 14.91, 14.65, 15.17, 13.5, 12.61, 13.85, 14.98, 14.37, 13.1, 12.12, 13.54, 15.78, 14.1, 11.7, 10.73]","[43.08, 40.33, 36.27, 30.12, 24.74, 21.32, 19.43, 18.51, 18.52, 19.15, 20.31, 21.59, 22.32, 21.65, 19.84, 18.71, 17.73, 16.54, 15.89, 15.22, 14.64, 13.77, 13.33, 13.44]","[30.18, 29.25, 28.3, 27.15, 26.08, 25.11, 24.03, 23.31, 21.95, 21.5, 20.94, 20.83, 20.17, 19.75, 19.35, 18.97, 17.71, 16.82, 16.47, 15.61, 14.8, 14.58, 14.08, 14.03]",,,
2026-10-05T12:42:53.181136+00:00,Manila,"NASA GEOS-CF v2 (S3, live)",28,"[16.08, 16.53, 16.18, 15.71, 15.37, 14.73, 14.53, 14.65, 14.63, 14.22, 14.39, 13.75, 13.55, 14.22, 14.33, 13.99, 14.05, 14.04, 13.75, 13.68, 13.34, 12.54, 12.4, 12.12]","[13.15, 13.36, 14.46, 15.51, 15.44, 14.24, 12.95, 12.68, 14.12, 14.91, 14.65, 15.17, 13.5, 12.61, 13.85, 14.98, 14.37, 13.1, 12.12, 13.54, 15.78, 14.1, 11.7, 10.73]","[43.08, 40.33, 36.27, 30.12, 24.74, 21.32, 19.43, 18.51, 18.52, 19.15, 20.31, 21.59, 22.32, 21.65, 19.84, 18.71, 17.73, 16.54, 15.89, 15.22, 14.64, 13.77, 13.33, 13.44]","[30.18, 29.25, 28.3, 27.15, 26.08, 25.11, 24.03, 23.31, 21.95, 21.5, 20.94, 20.83, 20.17, 19.75, 19.35, 18.97, 17.71, 16.82, 16.47, 15.61, 14.8, 14.58, 14.08, 14.03]",,,
2026-10-05T12:43:57.067693+00:00,Manila,OpenAQ (ground sensor),44,"[14.66, 14.42, 14.71, 14.96, 15.23, 14.69, 12.86, 11.06, 10.32, 10.55, 10.62, 10.13, 9.79, 10.31, 11.04, 11.39, 11.0, 10.19, 9.66, 10.27, 10.77, 10.97, 11.57, 11.98]","[23.05, 21.85, 20.97, 20.31, 19.33, 17.64, 16.45, 15.52, 14.41, 13.9, 13.87, 13.64, 13.65, 13.56, 12.87, 12.25, 12.08, 12.08, 13.02, 13.77, 13.89, 13.76, 13.25, 11.77]","[22.62, 22.23, 20.06, 17.46, 15.52, 14.58, 14.47, 14.26, 14.12, 13.84, 13.42, 13.17, 12.92, 13.46, 14.23, 15.24, 16.14, 16.83, 17.09, 16.83, 16.34, 15.71, 15.31, 15.01]","[24.94, 22.75, 21.08, 18.64, 18.06, 17.29, 15.89, 16.62, 15.49, 15.07, 15.89, 15.19, 15.38, 14.44, 15.25, 15.77, 16.21, 16.15, 16.31, 16.99, 17.38, 17.12, 17.16, 17.43]",,,
2026-10-05T12:44:17.274440+00:00,Manila,"NASA GEOS-CF v2 (S3, live)",28,"[16.08, 16.53, 16.18, 15.71, 15.37, 14.73, 14.53, 14.65, 14.63, 14.22, 14.39, 13.75, 13.55, 14.22, 14.33, 13.99, 14.05, 14.04, 13.75, 13.68, 13.34, 12.54, 12.4, 12.12]","[13.15, 13.36, 14.46, 15.51, 15.44, 14.24, 12.95, 12.68, 14.12, 14.91, 14.65, 15.17, 13.5, 12.61, 13.85, 14.98, 14.37, 13.1, 12.12, 13.54, 15.78, 14.1, 11.7, 10.73]","[43.08, 40.33, 36.27, 30.12, 24.74, 21.32, 19.43, 18.51, 18.52, 19.15, 20.31, 21.59, 22.32, 21.65, 19.84, 18.71, 17.73, 16.54, 15.89, 15.22, 14.64, 13.77, 13.33, 13.44]","[30.18, 29.25, 28.3, 27.15, 26.08, 25.11, 24.03, 23.31, 21.95, 21.5, 20.94, 20.83, 20.17, 19.75, 19.35, 18.97, 17.71, 16.82, 16.47, 15.61, 14.8, 14.58, 14.08, 14.03]",,,
2026-10-05T12:44:47.834163+00:00,Manila,OpenAQ (ground sensor),44,"[14.66, 14.42, 14.71, 14.96, 15.23, 14.69, 12.86, 11.06, 10.32, 10.55, 10.62, 10.13, 9.79, 10.31, 11.04, 11.39, 11.0, 10.19, 9.66, 10.27, 10.77, 10.97, 11.57, 11.98]","[23.05, 21.85, 20.97, 20.31, 19.33, 17.64, 16.45, 15.52, 14.41, 13.9, 13.87, 13.64, 13.65, 13.56, 12.87, 12.25, 12.08, 12.08, 13.02, 13.77, 13.89, 13.76, 13.25, 11.77]","[22.62, 22.23, 20.06, 17.46, 15.52, 14.58, 14.47, 14.26, 14.12, 13.84, 13.42, 13.17, 12.92, 13.46, 14.23, 15.24, 16.14, 16.83, 17.09, 16.83, 16.34, 15.71, 15.31, 15.01]","[24.94, 22.75, 21.08, 18.64, 18.06, 17.29, 15.89, 16.62, 15.49, 15.07, 15.89, 15.19, 15.38, 14.44, 15.25, 15.77, 16.21, 16.15, 16.31, 16.99, 17.38, 17.12, 17.16, 17.43]",,,
2026-10-05T12:44:51.327268+00:00,Manila,"NASA GEOS-CF v2 (S3, live)",28,"[16.08, 16.53, 16.18, 15.71, 15.37, 14.73, 14.53, 14.65, 14.63, 14.22, 14.39, 13.75, 13.55, 14.22, 14.33, 13.99, 14.05, 14.04, 13.75, 13.68, 13.34, 12.54, 12.4, 12.12]","[13.15, 13.36, 14.46, 15.51, 15.44, 14.24, 12.95, 12.68, 14.12, 14.91, 14.65, 15.17, 13.5, 12.61, 13.85, 14.98, 14.37, 13.1, 12.12, 13.54, 15.78, 14.1, 11.7, 10.73]","[43.08, 40.33, 36.27, 30.12, 24.74, 21.32, 19.43, 18.51, 18.52, 19.15, 20.31, 21.59, 22.32, 21.65, 19.84, 18.71, 17.73, 16.54, 15.89, 15.22, 14.64, 13.77, 13.33, 13.44]","[30.18, 29.25, 28.3, 27.15, 26.08, 25.11, 24.03, 23.31, 21.95, 21.5, 20.94, 20.83, 20.17, 19.75, 19.35, 18.97, 17.71, 16.82, 16.47, 15.61, 14.8, 14.58, 14.08, 14.03]",,,
2026-10-05T12:45:16.037358+00:00,Valenzuela,"NASA GEOS-CF v2 (S3, live)",28,"[16.83, 17.04, 16.25, 15.64, 15.33, 14.64, 14.43, 14.53, 14.52, 14.16, 14.34, 13.58, 13.36, 13.99, 14.1, 13.74, 13.73, 13.67, 13.42, 13.3, 12.91, 12.04, 11.93, 11.78]","[14.81, 15.55, 17.06, 17.63, 16.92, 15.27, 13.68, 13.26, 15.1, 16.1, 15.88, 16.66, 15.04, 13.75, 14.69, 15.64, 14.85, 13.53, 12.71, 14.63, 17.39, 15.41, 12.2, 10.58]","[26.66, 24.26, 21.41, 18.71, 16.52, 15.49, 14.99, 14.49, 14.18, 13.73, 13.25, 12.95, 13.0, 13.03, 12.67, 12.24, 11.97, 12.36, 13.43, 14.7, 15.82, 16.35, 15.92, 15.23]","[39.39, 37.77, 36.11, 32.21, 31.16, 29.17, 27.54, 25.89, 22.41, 22.88, 22.06, 22.02, 21.2, 21.27, 21.54, 21.69, 21.58, 20.77, 20.96, 20.75, 20.34, 20.49, 19.89, 20.12]",,,
2026-10-05T12:46:18.163938+00:00,Pasig,"NASA GEOS-CF v2 (S3, live)",28,"[13.82, 14.39, 14.18, 13.86, 13.66, 13.09, 12.85, 12.93, 12.92, 12.61, 12.83, 12.24, 12.01, 12.6, 12.72, 12.45, 12.44, 12.41, 12.2, 12.13, 11.78, 11.0, 10.85, 10.44]","[13.23, 13.57, 14.37, 14.82, 14.64, 13.74, 12.67, 12.18, 13.4, 14.16, 13.93, 14.28, 12.99, 12.24, 13.23, 14.03, 13.65, 12.91, 12.18, 13.49, 15.49, 13.57, 10.96, 10.04]","[37.75, 34.93, 31.47, 26.46, 22.14, 19.34, 17.58, 16.66, 16.57, 16.89, 17.63, 18.66, 19.5, 19.17, 17.86, 17.07, 16.39, 15.42, 14.73, 14.07, 13.62, 12.87, 12.29, 12.08]","[30.18, 29.25, 28.3, 27.15, 26.08, 25.11, 24.03, 23.31, 21.95, 21.5, 20.94, 20.83, 20.17, 19.75, 19.35, 18.97, 17.71, 16.82, 16.47, 15.61, 14.8, 14.58, 14.08, 14.03]",,,
2026-10-05T12:47:03.862505+00:00,Pasig,OpenAQ (ground sensor),43,"[15.7, 15.18, 15.2, 15.25, 15.91, 16.33, 14.25, 10.63, 8.1, 7.84, 8.48, 9.4, 10.04, 10.08, 9.91, 10.14, 10.12, 9.72, 9.63, 10.19, 10.12, 9.45, 9.45, 9.86]","[16.64, 15.9, 15.11, 14.29, 13.39, 12.56, 12.43, 12.81, 12.89, 12.64, 12.21, 11.47, 11.14, 11.53, 12.29, 13.11, 14.27, 14.87, 14.67, 13.47, 12.57, 12.57, 12.28, 11.57]","[23.03, 22.87, 21.1, 18.65, 16.38, 15.06, 14.6, 13.88, 13.16, 12.49, 12.0, 11.43, 11.1, 11.02, 11.04, 11.38, 11.82, 12.4, 12.77, 12.95, 13.23, 13.82, 14.41, 14.95]","[23.13, 21.82, 20.46, 18.92, 18.36, 17.59, 16.87, 17.65, 16.54, 16.74, 18.07, 17.32, 17.46, 16.43, 17.07, 17.62, 18.2, 18.23, 18.62, 18.96, 19.48, 19.19, 19.03, 19.49]",,,
2026-10-05T12:47:05.835091+00:00,Quezon_City,OpenAQ (ground sensor),40,"[17.17, 15.32, 13.29, 12.99, 14.03, 14.41, 13.43, 12.16, 11.93, 13.14, 15.11, 16.32, 15.89, 14.78, 13.51, 13.38, 14.94, 17.92, 19.45, 17.92, 15.13, 13.48, 13.63, 14.34]","[15.56, 14.84, 13.86, 13.56, 13.32, 13.16, 13.5, 13.77, 13.09, 12.11, 11.75, 11.41, 11.3, 11.33, 11.52, 11.05, 11.03, 11.02, 11.33, 11.83, 11.98, 12.24, 12.46, 12.19]","[18.03, 17.02, 15.84, 14.91, 14.09, 13.32, 12.38, 11.49, 11.15, 11.06, 11.41, 12.41, 13.37, 14.32, 14.64, 14.0, 13.11, 12.71, 12.93, 13.86, 14.5, 14.67, 14.61, 14.55]","[18.24, 16.81, 15.9, 14.6, 14.12, 13.98, 13.7, 13.2, 13.34, 13.34, 13.84, 13.52, 13.72, 13.41, 13.33, 13.37, 13.75, 13.5, 14.02, 14.28, 14.3, 14.15, 14.2, 14.53]",,,
2026-10-05T12:50:19.685730+00:00,Caloocan,OpenAQ (ground sensor),41,"[14.47, 12.64, 12.08, 12.99, 14.46, 15.17, 13.95, 12.41, 12.25, 13.32, 14.15, 14.37, 13.79, 13.03, 11.99, 10.86, 10.08, 10.5, 11.46, 11.76, 10.89, 9.65, 9.92, 10.86]","[21.2, 19.91, 18.73, 17.78, 17.07, 16.96, 17.61, 19.29, 21.04, 20.75, 18.9, 17.54, 16.38, 15.18, 15.11, 16.07, 16.49, 15.8, 14.94, 13.22, 12.38, 12.82, 12.92, 12.81]","[28.02, 26.45, 24.66, 22.92, 21.44, 20.3, 19.02, 17.63, 16.69, 15.88, 15.42, 15.47, 15.84, 16.28, 16.46, 16.42, 15.9, 15.41, 15.12, 15.31, 15.72, 15.97, 16.29, 16.83]","[28.65, 24.31, 22.26, 17.2, 17.0, 15.49, 14.5, 14.19, 12.01, 12.78, 13.11, 12.63, 12.82, 12.29, 14.19, 13.92, 14.91, 13.45, 14.53, 15.72, 15.24, 13.94, 15.58, 14.99]",,,
2026-10-05T16:19:11.171551+00:00,Manila,OpenAQ (ground sensor) [fine-tuned],43,"[25.29, 25.08, 25.79, 27.33, 29.6, 31.59, 31.29, 29.34, 27.76, 27.69, 28.23, 28.09, 27.3, 26.56, 24.96, 22.73, 20.98, 20.15, 19.96, 19.84, 19.96, 20.3, 21.35, 21.23]","[21.64, 22.73, 24.65, 26.61, 28.29, 30.36, 31.81, 31.95, 31.45, 31.06, 30.11, 28.8, 27.92, 27.4, 27.03, 26.46, 25.97, 24.39, 22.31, 20.34, 18.74, 17.97, 17.22, 16.49]","[42.22, 40.79, 37.48, 33.78, 31.06, 29.8, 30.02, 30.35, 30.89, 30.9, 30.85, 30.28, 28.85, 27.25, 25.39, 23.95, 23.1, 23.07, 23.51, 23.63, 23.78, 24.4, 25.25, 26.26]","[35.73, 33.16, 31.78, 28.83, 27.17, 25.63, 24.44, 24.32, 23.7, 23.98, 23.66, 24.65, 24.49, 24.07, 23.81, 24.44, 24.13, 24.11, 23.49, 23.62, 23.49, 23.95, 24.48, 24.41]",,,
2026-09-28T00:00:00+00:00,Manila,OpenAQ (ground sensor) [fine-tuned] [backfilled hindcast],48,"[21.89, 21.92, 20.85, 19.42, 18.85, 19.02, 19.23, 19.48, 20.07, 20.82, 21.59, 22.2, 22.26, 21.93, 21.61, 20.93, 19.62, 18.04, 16.95, 16.84, 18.08, 20.13, 21.24, 20.47]","[30.13, 29.53, 28.62, 27.49, 26.87, 27.12, 28.18, 29.09, 29.56, 29.77, 29.34, 28.23, 27.1, 26.02, 25.18, 24.3, 23.75, 23.05, 22.74, 23.6, 25.06, 26.61, 27.6, 27.8]","[26.26, 25.1, 25.23, 26.5, 28.32, 29.59, 29.99, 29.66, 29.52, 29.72, 30.26, 30.68, 30.52, 29.94, 28.8, 28.24, 28.2, 28.21, 28.22, 28.2, 27.89, 28.08, 28.53, 28.82]","[30.51, 29.62, 29.3, 29.34, 29.08, 28.73, 27.46, 28.37, 27.93, 27.79, 27.91, 28.07, 28.07, 27.42, 27.67, 27.34, 28.12, 27.88, 27.92, 27.22, 28.52, 28.54, 28.69, 28.67]",28.14,"OpenAQ 'Mandaluyong City' (4076m), mean of 21 hourly readings 2026-09-28 00:00-2026-09-29 00:00 UTC",2026-10-05T16:21:57.625774+00:00
2026-09-29T00:00:00+00:00,Manila,OpenAQ (ground sensor) [fine-tuned] [backfilled hindcast],45,"[28.97, 28.31, 27.86, 28.07, 28.46, 28.35, 26.64, 24.76, 24.07, 23.5, 22.47, 21.32, 19.79, 18.34, 17.91, 18.35, 19.94, 23.02, 26.57, 29.74, 32.78, 34.36, 33.62, 30.98]","[31.74, 30.66, 29.62, 28.41, 27.18, 25.85, 24.8, 24.29, 23.83, 23.84, 23.92, 23.69, 23.52, 22.91, 22.45, 22.22, 22.66, 22.82, 23.33, 24.66, 26.46, 28.47, 30.53, 31.93]","[25.67, 24.78, 23.89, 23.44, 23.45, 23.49, 23.93, 24.76, 25.78, 26.67, 27.29, 27.96, 28.0, 27.96, 27.63, 27.33, 27.23, 27.55, 28.3, 28.84, 29.1, 29.42, 29.64, 29.23]","[29.75, 28.3, 27.98, 27.04, 26.21, 26.11, 24.63, 24.82, 24.71, 23.99, 23.71, 24.11, 23.93, 23.83, 23.85, 23.99, 24.49, 24.5, 24.77, 24.76, 25.53, 25.89, 26.46, 26.31]",35.84,"OpenAQ 'Mandaluyong City' (4076m), mean of 21 hourly readings 2026-09-29 00:00-2026-09-30 00:00 UTC",2026-10-05T16:21:57.642751+00:00
2026-09-30T00:00:00+00:00,Manila,OpenAQ (ground sensor) [fine-tuned] [backfilled hindcast],42,"[27.41, 26.42, 24.81, 23.48, 22.94, 22.45, 21.68, 20.85, 20.5, 20.49, 20.16, 19.67, 19.86, 21.18, 22.8, 23.27, 22.52, 21.82, 21.65, 21.93, 21.95, 21.7, 21.69, 22.21]","[48.34, 44.11, 38.22, 33.39, 30.47, 28.41, 27.02, 25.98, 24.2, 22.97, 22.43, 21.51, 21.09, 20.95, 20.87, 20.59, 21.01, 21.11, 21.99, 23.88, 26.24, 28.84, 30.77, 31.51]","[34.0, 31.49, 29.54, 28.43, 28.02, 27.93, 28.41, 29.39, 30.4, 30.91, 30.92, 30.52, 29.68, 28.92, 28.1, 27.62, 27.57, 28.14, 29.24, 29.85, 29.85, 30.02, 30.18, 29.93]","[33.06, 32.8, 32.62, 32.51, 32.65, 31.95, 30.93, 31.14, 30.38, 29.96, 29.38, 29.67, 29.3, 28.98, 28.38, 28.19, 28.63, 28.34, 28.05, 26.99, 28.69, 28.7, 28.22, 28.53]",34.96,"OpenAQ 'Mandaluyong City' (4076m), mean of 24 hourly readings 2026-09-30 00:00-2026-10-01 00:00 UTC",2026-10-05T16:21:57.662173+00:00
2026-10-01T00:00:00+00:00,Manila,OpenAQ (ground sensor) [fine-tuned] [backfilled hindcast],45,"[30.79, 30.42, 29.04, 27.61, 26.89, 26.37, 25.85, 25.73, 26.44, 27.58, 28.38, 28.7, 28.65, 28.87, 29.28, 28.37, 26.12, 24.08, 23.1, 23.64, 25.15, 26.98, 28.81, 30.41]","[45.91, 43.03, 39.13, 34.92, 31.02, 27.72, 26.47, 27.55, 29.08, 31.88, 35.3, 37.39, 39.11, 39.7, 39.25, 37.66, 35.87, 33.79, 32.97, 33.72, 35.72, 38.99, 41.46, 43.24]","[34.96, 37.88, 38.72, 37.64, 35.5, 33.59, 32.74, 31.41, 29.76, 28.05, 27.57, 27.85, 27.93, 28.07, 27.68, 27.92, 28.37, 28.32, 28.11, 27.82, 27.08, 26.54, 26.71, 27.48]","[39.86, 37.89, 37.37, 35.96, 35.07, 34.4, 32.54, 33.55, 32.96, 33.01, 33.27, 34.05, 34.52, 33.77, 33.99, 34.14, 34.73, 34.24, 34.48, 33.74, 35.42, 35.61, 35.85, 35.85]",32.07,"OpenAQ 'Mandaluyong City' (4076m), mean of 21 hourly readings 2026-10-01 00:00-2026-10-02 00:00 UTC",2026-10-05T16:21:57.679276+00:00
2026-10-02T00:00:00+00:00,Manila,OpenAQ (ground sensor) [fine-tuned] [backfilled hindcast],45,"[30.63, 31.19, 29.04, 25.37, 22.63, 20.33, 18.52, 17.11, 16.62, 17.58, 20.08, 22.82, 23.54, 22.64, 21.76, 20.57, 19.07, 17.98, 16.91, 17.11, 19.7, 23.33, 25.85, 26.81]","[29.7, 30.48, 30.97, 30.52, 29.38, 28.21, 27.5, 27.48, 27.78, 28.63, 29.5, 29.75, 29.6, 28.22, 26.44, 24.41, 23.14, 22.2, 22.33, 24.09, 26.43, 29.13, 31.61, 33.78]","[29.58, 30.31, 31.29, 32.03, 32.04, 31.42, 31.49, 32.02, 32.74, 32.82, 32.32, 31.23, 29.86, 28.76, 27.54, 26.67, 26.02, 25.7, 25.87, 25.83, 25.67, 25.87, 25.84, 25.99]","[32.32, 31.93, 31.42, 31.68, 31.69, 31.47, 30.92, 31.48, 31.61, 32.21, 32.57, 32.68, 32.48, 32.35, 32.08, 31.98, 32.32, 31.95, 32.3, 31.48, 32.18, 32.46, 32.01, 31.96]",31.9,"OpenAQ 'Mandaluyong City' (4076m), mean of 18 hourly readings 2026-10-02 00:00-2026-10-03 00:00 UTC",2026-10-05T16:21:57.698520+00:00
2026-10-03T00:00:00+00:00,Manila,OpenAQ (ground sensor) [fine-tuned] [backfilled hindcast],39,"[34.52, 32.05, 28.08, 25.44, 24.58, 24.15, 24.11, 24.42, 25.34, 27.5, 30.47, 32.46, 32.23, 30.45, 28.49, 26.25, 24.1, 22.84, 22.44, 23.41, 26.11, 29.48, 32.13, 33.56]","[39.3, 38.48, 36.76, 34.74, 32.23, 29.65, 27.24, 26.32, 26.45, 27.77, 29.23, 30.31, 31.21, 31.09, 30.46, 28.78, 27.68, 26.69, 26.68, 28.47, 31.47, 35.29, 38.55, 40.39]","[33.11, 32.01, 30.67, 29.25, 27.84, 26.75, 26.23, 25.97, 25.97, 25.77, 25.64, 25.39, 24.62, 23.99, 23.54, 23.46, 23.65, 24.01, 24.56, 24.84, 24.66, 24.55, 24.71, 24.78]","[27.96, 27.3, 27.41, 27.03, 26.53, 26.63, 26.12, 26.47, 27.06, 27.02, 27.06, 26.95, 27.12, 27.06, 26.29, 26.35, 26.6, 25.76, 26.2, 25.54, 25.16, 25.51, 25.57, 25.31]",37.62,"OpenAQ 'Mandaluyong City' (4076m), mean of 20 hourly readings 2026-10-03 00:00-2026-10-04 00:00 UTC",2026-10-05T16:21:57.718220+00:00
2026-10-04T00:00:00+00:00,Manila,OpenAQ (ground sensor) [fine-tuned] [backfilled hindcast],38,"[39.81, 37.96, 33.99, 30.61, 28.87, 27.08, 25.57, 24.6, 24.57, 26.0, 27.91, 28.66, 28.44, 28.57, 28.94, 27.96, 26.16, 25.05, 24.95, 26.51, 29.14, 30.63, 30.58, 30.37]","[40.35, 40.73, 39.2, 36.02, 32.6, 30.13, 28.97, 29.44, 30.34, 31.59, 32.94, 33.3, 32.97, 31.46, 29.33, 26.6, 24.76, 23.19, 23.25, 25.31, 28.12, 31.39, 33.93, 35.45]","[31.82, 30.5, 29.09, 28.44, 28.67, 29.02, 28.9, 27.77, 26.75, 25.39, 24.51, 23.85, 23.11, 22.9, 22.61, 22.56, 22.87, 23.32, 23.93, 24.16, 23.93, 23.89, 23.71, 23.22]","[33.99, 33.32, 33.18, 32.78, 32.71, 31.96, 30.99, 31.3, 30.75, 30.54, 30.19, 30.33, 30.4, 29.96, 29.32, 29.1, 29.72, 29.08, 28.95, 27.76, 29.24, 29.07, 28.82, 29.05]",25.19,"OpenAQ 'Mandaluyong City' (4076m), mean of 23 hourly readings 2026-10-04 00:00-2026-10-05 00:00 UTC",2026-10-05T16:21:57.736523+00:00
2026-09-28T00:00:00+00:00,Quezon_City,OpenAQ (ground sensor) [fine-tuned] [backfilled hindcast],42,"[29.86, 29.29, 27.62, 25.14, 23.08, 22.66, 23.12, 23.81, 24.9, 25.87, 26.65, 26.85, 26.88, 27.04, 27.36, 27.19, 26.95, 27.51, 29.0, 30.55, 31.98, 32.92, 33.08, 32.25]","[22.61, 20.25, 18.88, 18.28, 18.47, 19.16, 19.64, 20.15, 20.55, 21.04, 21.73, 22.49, 23.18, 23.6, 24.03, 24.12, 24.43, 25.2, 26.39, 28.31, 30.44, 31.44, 31.4, 30.11]","[27.18, 25.93, 24.73, 23.98, 23.84, 23.95, 24.55, 25.42, 26.3, 26.81, 27.05, 26.95, 26.27, 25.62, 24.8, 24.28, 24.09, 24.43, 25.14, 25.71, 25.99, 26.65, 27.52, 28.02]","[30.49, 29.78, 29.43, 28.93, 28.33, 27.9, 26.69, 26.78, 26.2, 25.52, 24.74, 25.06, 24.98, 24.52, 24.14, 23.91, 24.53, 24.26, 24.18, 23.85, 24.61, 24.82, 25.0, 24.89]",31.08,"OpenAQ '3S Center Ugong' (4215m), mean of 20 hourly readings 2026-09-28 00:00-2026-09-29 00:00 UTC",2026-10-05T16:22:01.240187+00:00
2026-09-29T00:00:00+00:00,Quezon_City,OpenAQ (ground sensor) [fine-tuned] [backfilled hindcast],42,"[41.79, 39.49, 35.59, 32.05, 29.65, 28.17, 27.6, 27.69, 28.46, 29.48, 29.96, 28.65, 26.68, 25.3, 24.57, 23.96, 24.13, 26.05, 29.37, 32.0, 33.57, 33.52, 32.38, 30.11]","[32.26, 28.74, 25.41, 22.59, 20.41, 18.88, 18.29, 18.73, 19.43, 20.79, 22.42, 23.56, 24.4, 24.87, 25.05, 24.99, 25.06, 25.11, 26.05, 28.01, 30.44, 32.1, 31.91, 30.23]","[30.48, 27.78, 25.42, 24.29, 24.3, 24.76, 25.48, 26.66, 27.82, 28.58, 28.7, 28.45, 27.82, 27.21, 26.6, 25.93, 25.6, 25.98, 27.03, 27.64, 27.96, 28.0, 27.31, 25.75]","[30.44, 29.47, 29.05, 28.29, 27.52, 27.0, 25.61, 25.7, 25.37, 24.74, 24.14, 24.38, 24.26, 23.69, 23.24, 23.29, 23.7, 23.36, 23.3, 23.05, 23.78, 23.89, 24.08, 23.96]",35.34,"OpenAQ '3S Center Ugong' (4215m), mean of 20 hourly readings 2026-09-29 00:00-2026-09-30 00:00 UTC",2026-10-05T16:22:01.257271+00:00
2026-09-30T00:00:00+00:00,Quezon_City,OpenAQ (ground sensor) [fine-tuned] [backfilled hindcast],40,"[33.41, 32.69, 31.06, 28.69, 26.9, 26.2, 26.03, 26.05, 26.5, 27.13, 27.85, 27.98, 28.08, 28.83, 30.6, 32.22, 33.1, 33.58, 34.61, 36.15, 36.67, 35.72, 34.34, 33.5]","[35.91, 31.43, 26.86, 23.75, 22.28, 21.49, 21.23, 21.57, 21.62, 22.09, 22.88, 22.87, 22.67, 22.36, 22.25, 22.29, 22.92, 23.45, 24.31, 26.29, 28.87, 31.11, 32.6, 33.8]","[32.06, 29.33, 26.7, 25.2, 25.13, 25.83, 26.53, 27.02, 27.1, 26.94, 26.99, 27.06, 26.88, 26.64, 26.37, 26.01, 25.73, 25.84, 26.55, 27.05, 27.13, 26.93, 26.12, 24.56]","[38.84, 37.47, 36.55, 35.85, 35.0, 33.59, 31.77, 31.91, 31.09, 30.82, 30.59, 31.09, 31.07, 30.27, 29.65, 29.73, 29.83, 28.99, 28.68, 27.79, 28.84, 28.47, 28.52, 28.31]",36.97,"OpenAQ '3S Center Ugong' (4215m), mean of 21 hourly readings 2026-09-30 00:00-2026-10-01 00:00 UTC",2026-10-05T16:22:01.279111+00:00
2026-10-01T00:00:00+00:00,Quezon_City,OpenAQ (ground sensor) [fine-tuned] [backfilled hindcast],41,"[37.26, 36.43, 34.24, 31.49, 29.35, 26.95, 24.9, 23.84, 23.83, 25.1, 27.82, 30.55, 31.25, 30.35, 29.4, 27.81, 25.84, 24.73, 23.83, 23.53, 24.29, 26.16, 28.33, 30.1]","[28.26, 26.91, 24.73, 22.14, 19.89, 18.09, 17.36, 17.98, 19.4, 21.89, 24.72, 26.87, 29.05, 29.97, 29.72, 28.47, 26.79, 25.35, 25.06, 26.25, 28.23, 30.78, 33.51, 35.46]","[36.95, 34.51, 31.49, 28.49, 26.8, 26.25, 26.27, 26.18, 26.2, 25.93, 26.03, 26.17, 25.94, 25.49, 24.87, 24.37, 23.91, 23.6, 23.66, 23.63, 23.49, 23.82, 24.41, 24.77]","[35.59, 34.73, 34.09, 33.4, 33.78, 33.12, 32.12, 32.67, 32.25, 31.8, 31.56, 31.54, 31.73, 31.5, 31.54, 31.37, 31.64, 31.31, 31.22, 30.8, 31.92, 32.04, 31.85, 31.45]",25.59,"OpenAQ '3S Center Ugong' (4215m), mean of 20 hourly readings 2026-10-01 00:00-2026-10-02 00:00 UTC",2026-10-05T16:22:01.302841+00:00
2026-10-03T00:00:00+00:00,Quezon_City,OpenAQ (ground sensor) [fine-tuned] [backfilled hindcast],36,"[33.51, 31.23, 26.55, 22.94, 21.8, 21.61, 21.86, 22.49, 23.74, 25.54, 27.52, 28.22, 27.67, 26.71, 25.72, 24.35, 22.98, 22.49, 23.11, 24.68, 26.81, 28.62, 30.17, 31.77]","[29.02, 27.22, 25.51, 24.19, 23.32, 23.19, 23.62, 24.92, 26.39, 28.18, 29.83, 30.51, 30.6, 30.13, 29.6, 28.97, 28.83, 28.67, 29.01, 30.67, 32.89, 34.84, 36.04, 36.72]","[27.29, 26.62, 26.82, 27.56, 28.31, 28.91, 29.39, 29.76, 29.81, 29.37, 28.62, 27.38, 26.12, 25.23, 24.6, 24.21, 24.3, 24.47, 24.91, 24.84, 24.06, 23.17, 21.9, 20.57]","[36.74, 35.07, 33.91, 32.01, 31.55, 30.8, 29.55, 28.96, 28.74, 28.39, 27.27, 27.71, 27.66, 27.69, 27.46, 28.0, 27.73, 27.49, 27.42, 27.69, 27.92, 28.49, 28.39, 27.99]",42.72,"OpenAQ '3S Center Ugong' (4215m), mean of 20 hourly readings 2026-10-03 00:00-2026-10-04 00:00 UTC",2026-10-05T16:22:01.322352+00:00
2026-10-04T00:00:00+00:00,Quezon_City,OpenAQ (ground sensor) [fine-tuned] [backfilled hindcast],36,"[52.01, 50.02, 43.89, 38.02, 35.64, 34.06, 33.21, 33.59, 35.84, 39.85, 45.06, 47.63, 47.33, 46.18, 44.6, 41.48, 38.27, 37.56, 38.83, 41.07, 43.58, 45.28, 46.63, 48.0]","[46.83, 45.43, 42.02, 37.55, 32.81, 28.6, 26.57, 27.21, 28.54, 30.92, 34.25, 36.83, 38.62, 39.18, 38.43, 36.56, 34.42, 31.87, 30.72, 31.19, 32.51, 34.32, 35.04, 35.45]","[48.63, 46.15, 42.07, 38.52, 36.19, 34.73, 34.64, 34.93, 35.28, 35.0, 35.49, 36.53, 36.67, 37.22, 37.54, 37.73, 37.58, 37.17, 36.62, 35.24, 33.64, 32.33, 31.89, 31.48]","[44.41, 42.29, 41.28, 39.8, 38.45, 36.62, 34.7, 35.22, 33.93, 34.39, 34.12, 35.12, 35.19, 34.18, 33.67, 33.79, 34.21, 33.59, 33.19, 32.11, 34.24, 33.81, 33.8, 34.18]",28.09,"OpenAQ '3S Center Ugong' (4215m), mean of 21 hourly readings 2026-10-04 00:00-2026-10-05 00:00 UTC",2026-10-05T16:22:01.340757+00:00
2026-09-28T00:00:00+00:00,Caloocan,OpenAQ (ground sensor) [fine-tuned] [backfilled hindcast],46,"[30.88, 29.15, 27.46, 25.88, 25.31, 26.25, 27.69, 29.04, 29.99, 30.57, 31.27, 32.07, 32.77, 33.42, 34.28, 35.04, 36.01, 37.36, 38.63, 37.98, 35.66, 33.74, 32.61, 31.7]","[37.07, 35.12, 32.61, 29.94, 28.17, 27.17, 27.02, 27.47, 27.59, 27.83, 28.23, 28.04, 27.5, 26.75, 26.03, 25.31, 25.35, 25.76, 27.46, 30.34, 33.12, 34.78, 34.91, 33.92]","[35.25, 32.8, 30.56, 29.33, 29.48, 30.08, 31.4, 33.0, 34.3, 34.82, 34.72, 34.09, 32.79, 31.76, 30.63, 30.11, 30.16, 31.28, 33.5, 35.42, 37.1, 39.19, 40.33, 39.98]","[44.55, 41.8, 40.36, 37.96, 35.82, 34.31, 31.68, 32.05, 30.34, 29.67, 29.34, 30.21, 30.33, 29.23, 29.28, 29.45, 30.03, 29.91, 29.75, 29.44, 31.42, 31.56, 32.46, 32.11]",40.58,"OpenAQ 'Malabon Action Center' (1269m), mean of 19 hourly readings 2026-09-28 00:00-2026-09-29 00:00 UTC",2026-10-05T16:22:03.817005+00:00
2026-09-29T00:00:00+00:00,Caloocan,OpenAQ (ground sensor) [fine-tuned] [backfilled hindcast],43,"[34.95, 32.45, 29.45, 26.82, 25.69, 25.95, 27.46, 29.66, 31.56, 32.04, 32.16, 32.26, 31.76, 30.92, 30.59, 30.34, 30.37, 31.09, 32.7, 34.2, 35.11, 35.12, 34.19, 33.06]","[39.19, 37.47, 34.83, 30.97, 27.39, 24.75, 23.67, 23.89, 24.33, 25.31, 26.6, 27.68, 28.7, 29.65, 30.11, 30.41, 31.02, 31.56, 33.15, 35.76, 38.44, 39.11, 37.74, 35.64]","[36.57, 33.97, 31.45, 29.87, 29.89, 30.67, 31.31, 31.32, 30.92, 30.34, 30.13, 30.03, 29.55, 28.84, 28.04, 27.52, 27.21, 27.42, 28.15, 28.36, 28.2, 28.34, 28.31, 27.62]","[43.82, 42.11, 41.5, 39.79, 39.01, 37.87, 35.58, 36.08, 34.4, 34.07, 33.21, 33.7, 33.69, 33.2, 33.13, 33.53, 33.95, 33.83, 33.7, 33.09, 35.44, 35.61, 35.95, 35.78]",50.17,"OpenAQ 'Malabon Action Center' (1269m), mean of 21 hourly readings 2026-09-29 00:00-2026-09-30 00:00 UTC",2026-10-05T16:22:03.836860+00:00
2026-09-30T00:00:00+00:00,Caloocan,OpenAQ (ground sensor) [fine-tuned] [backfilled hindcast],40,"[40.03, 38.02, 34.9, 32.37, 32.22, 32.59, 32.93, 33.94, 36.1, 38.42, 39.88, 39.75, 38.83, 38.09, 37.8, 37.25, 36.76, 36.56, 37.34, 40.27, 43.16, 43.62, 42.82, 42.68]","[49.43, 46.43, 42.27, 37.38, 32.69, 29.07, 27.73, 28.8, 30.36, 32.53, 35.04, 36.18, 36.32, 35.18, 32.79, 29.58, 27.32, 25.17, 25.02, 27.05, 30.11, 33.75, 36.48, 38.72]","[41.56, 38.18, 34.28, 31.25, 30.01, 29.92, 31.15, 33.13, 35.13, 36.18, 36.55, 36.44, 35.32, 34.0, 32.3, 31.0, 30.25, 30.77, 32.23, 33.0, 33.79, 35.51, 36.5, 35.82]","[51.33, 48.7, 47.51, 45.21, 44.07, 42.38, 39.7, 41.1, 39.04, 39.7, 39.12, 39.72, 40.31, 39.15, 39.16, 39.3, 39.89, 39.4, 39.62, 38.38, 41.02, 41.22, 41.0, 41.03]",55.04,"OpenAQ 'Malabon Action Center' (1269m), mean of 19 hourly readings 2026-09-30 00:00-2026-10-01 00:00 UTC",2026-10-05T16:22:03.860953+00:00
2026-10-03T00:00:00+00:00,Caloocan,OpenAQ (ground sensor) [fine-tuned] [backfilled hindcast],33,"[44.8, 41.88, 37.84, 35.83, 36.57, 37.26, 37.95, 39.64, 42.53, 45.85, 48.57, 48.94, 47.44, 45.69, 43.66, 41.24, 39.51, 38.57, 37.28, 37.1, 38.92, 41.73, 43.79, 44.98]","[55.43, 53.75, 50.03, 46.29, 41.98, 38.36, 36.29, 36.27, 37.06, 38.67, 40.83, 41.56, 42.08, 41.77, 41.14, 39.24, 37.62, 35.97, 35.08, 37.18, 41.21, 46.18, 50.28, 52.39]","[53.18, 50.3, 47.38, 44.81, 42.43, 40.18, 39.13, 39.5, 40.51, 41.6, 42.34, 42.08, 40.91, 39.71, 38.62, 38.25, 38.26, 37.97, 37.6, 36.88, 36.75, 37.15, 37.29, 37.21]","[60.98, 56.84, 54.59, 49.66, 48.2, 45.59, 42.67, 43.87, 41.15, 42.02, 41.41, 42.31, 42.84, 41.87, 42.06, 42.59, 42.35, 40.85, 41.08, 41.01, 41.11, 41.97, 42.42, 41.3]",59.01,"OpenAQ 'Malabon Action Center' (1269m), mean of 21 hourly readings 2026-10-03 00:00-2026-10-04 00:00 UTC",2026-10-05T16:22:03.881776+00:00
2026-10-04T00:00:00+00:00,Caloocan,OpenAQ (ground sensor) [fine-tuned] [backfilled hindcast],37,"[61.05, 59.39, 51.78, 44.52, 43.47, 43.35, 42.63, 42.72, 47.18, 55.54, 63.78, 64.77, 59.99, 56.23, 53.81, 49.33, 45.02, 45.67, 49.04, 51.25, 52.63, 54.05, 55.73, 56.57]","[71.21, 67.69, 60.81, 52.34, 44.62, 39.45, 37.56, 39.7, 42.64, 45.51, 47.69, 48.31, 46.54, 43.48, 39.59, 34.92, 32.48, 29.89, 29.43, 31.9, 35.83, 39.8, 42.42, 44.79]","[57.61, 55.59, 52.5, 49.84, 48.0, 46.26, 45.72, 46.0, 46.51, 46.87, 47.6, 47.56, 46.33, 45.38, 44.24, 43.69, 43.38, 43.16, 43.48, 43.36, 43.29, 44.11, 44.84, 44.92]","[67.44, 63.37, 60.77, 55.98, 54.58, 51.57, 48.06, 49.99, 47.17, 47.98, 47.53, 48.47, 48.82, 47.56, 48.2, 48.72, 48.34, 47.08, 46.7, 46.56, 47.62, 48.32, 48.29, 46.99]",34.78,"OpenAQ 'Malabon Action Center' (1269m), mean of 22 hourly readings 2026-10-04 00:00-2026-10-05 00:00 UTC",2026-10-05T16:22:03.899825+00:00
2026-09-29T00:00:00+00:00,Valenzuela,OpenAQ (ground sensor) [fine-tuned] [backfilled hindcast],39,"[34.01, 30.46, 27.06, 25.01, 25.02, 26.62, 28.77, 30.62, 31.8, 32.57, 33.63, 34.21, 33.66, 32.47, 31.52, 31.73, 33.66, 35.91, 36.73, 35.72, 34.46, 33.8, 32.79, 31.2]","[43.14, 37.5, 31.46, 26.51, 23.17, 20.95, 20.27, 20.81, 21.33, 22.57, 24.17, 25.38, 26.37, 27.33, 28.0, 28.33, 28.41, 28.1, 28.54, 29.48, 30.71, 31.49, 30.72, 28.74]","[33.82, 30.99, 27.74, 25.07, 23.81, 23.68, 24.03, 24.39, 25.02, 25.26, 25.42, 25.69, 25.57, 25.46, 25.11, 24.52, 23.9, 23.53, 23.49, 23.2, 22.88, 22.77, 22.89, 22.62]","[40.66, 38.29, 36.9, 34.29, 32.44, 31.08, 28.81, 28.43, 27.42, 26.72, 26.15, 26.95, 26.72, 26.0, 25.55, 26.07, 26.4, 25.94, 25.72, 25.88, 27.0, 27.23, 27.86, 27.65]",41.08,"OpenAQ '3S Center Paso De Blas' (1711m), mean of 18 hourly readings 2026-09-29 00:00-2026-09-30 00:00 UTC",2026-10-05T16:22:08.509867+00:00
2026-09-30T00:00:00+00:00,Valenzuela,OpenAQ (ground sensor) [fine-tuned] [backfilled hindcast],35,"[33.81, 31.81, 29.49, 27.29, 26.42, 27.12, 28.72, 30.8, 32.89, 33.99, 34.05, 33.35, 32.4, 31.75, 31.79, 31.27, 30.52, 30.55, 32.17, 34.87, 36.68, 36.59, 35.85, 35.54]","[40.18, 36.88, 33.52, 30.79, 28.89, 27.81, 27.71, 28.49, 29.08, 30.44, 31.83, 32.01, 31.59, 30.7, 29.73, 28.61, 28.28, 27.19, 26.74, 27.89, 30.01, 32.5, 34.46, 36.86]","[36.65, 32.66, 29.2, 27.89, 29.92, 33.8, 37.04, 38.48, 37.86, 36.43, 35.29, 33.95, 32.64, 31.73, 30.7, 30.14, 30.33, 31.46, 33.67, 35.74, 37.02, 38.0, 37.66, 36.13]","[33.9, 33.72, 33.67, 33.97, 34.22, 33.7, 32.88, 33.35, 32.74, 33.21, 33.09, 33.39, 33.34, 32.76, 32.23, 32.2, 32.85, 32.1, 32.2, 30.54, 32.47, 32.42, 31.62, 31.85]",39.02,"OpenAQ '3S Center Paso De Blas' (1711m), mean of 23 hourly readings 2026-09-30 00:00-2026-10-01 00:00 UTC",2026-10-05T16:22:08.527875+00:00
2026-10-01T00:00:00+00:00,Valenzuela,OpenAQ (ground sensor) [fine-tuned] [backfilled hindcast],41,"[34.25, 33.99, 32.89, 32.05, 32.46, 32.6, 32.46, 32.71, 33.46, 34.94, 37.35, 38.98, 38.28, 36.57, 34.91, 32.73, 30.45, 28.54, 26.73, 25.59, 25.83, 27.06, 28.32, 29.31]","[32.24, 31.66, 30.7, 29.15, 27.3, 25.13, 23.27, 22.52, 22.49, 23.71, 25.9, 28.23, 30.75, 31.73, 31.36, 29.74, 28.11, 26.49, 25.77, 26.48, 27.75, 29.69, 32.1, 34.13]","[32.41, 33.3, 33.83, 33.96, 33.78, 33.45, 34.16, 34.74, 35.18, 35.23, 35.31, 34.97, 33.96, 32.78, 31.39, 30.75, 30.34, 30.07, 30.08, 29.94, 29.63, 30.38, 31.88, 33.71]","[31.71, 31.55, 31.33, 31.25, 31.81, 31.28, 31.14, 31.43, 31.33, 31.49, 31.68, 31.86, 32.05, 31.99, 31.62, 31.14, 31.23, 30.61, 30.31, 29.1, 29.89, 30.0, 29.19, 29.11]",24.38,"OpenAQ '3S Center Paso De Blas' (1711m), mean of 19 hourly readings 2026-10-01 00:00-2026-10-02 00:00 UTC",2026-10-05T16:22:08.547259+00:00
2026-10-03T00:00:00+00:00,Valenzuela,OpenAQ (ground sensor) [fine-tuned] [backfilled hindcast],35,"[28.58, 26.76, 24.89, 23.78, 23.84, 24.42, 25.1, 26.11, 27.48, 28.61, 29.36, 29.09, 28.05, 27.28, 26.97, 26.53, 26.22, 26.31, 26.63, 27.12, 27.63, 27.97, 28.28, 28.72]","[36.08, 35.55, 35.03, 34.59, 33.63, 32.03, 30.1, 28.78, 27.77, 27.82, 28.53, 29.05, 29.62, 29.66, 29.22, 28.44, 28.24, 27.63, 27.48, 28.54, 30.06, 31.69, 32.85, 33.24]","[31.76, 31.1, 30.54, 30.53, 30.76, 30.86, 30.98, 30.9, 30.8, 30.14, 29.56, 29.13, 28.55, 28.31, 28.13, 28.03, 28.09, 28.09, 28.27, 27.72, 26.4, 25.12, 23.93, 22.75]","[38.55, 36.88, 35.73, 33.89, 32.49, 31.19, 29.43, 28.88, 28.14, 27.62, 26.72, 27.3, 27.24, 26.65, 26.05, 26.38, 26.46, 25.94, 25.58, 25.43, 26.17, 26.48, 26.57, 26.34]",45.68,"OpenAQ '3S Center Paso De Blas' (1711m), mean of 18 hourly readings 2026-10-03 00:00-2026-10-04 00:00 UTC",2026-10-05T16:22:08.564154+00:00
2026-10-04T00:00:00+00:00,Valenzuela,OpenAQ (ground sensor) [fine-tuned] [backfilled hindcast],34,"[46.8, 43.48, 38.99, 35.71, 34.79, 34.57, 35.16, 36.65, 38.58, 41.05, 43.86, 45.04, 43.88, 41.62, 39.73, 38.02, 37.36, 38.68, 40.84, 42.25, 42.86, 42.84, 42.31, 41.49]","[54.92, 54.54, 52.42, 48.7, 44.34, 40.31, 37.74, 37.25, 37.27, 38.19, 39.77, 40.74, 40.93, 39.69, 37.46, 34.08, 31.07, 27.5, 25.64, 26.02, 27.24, 30.12, 32.84, 34.65]","[45.37, 42.19, 38.99, 37.06, 36.91, 37.42, 38.14, 38.11, 37.91, 36.96, 36.68, 36.89, 36.6, 37.07, 37.25, 37.59, 38.11, 38.5, 38.69, 37.98, 36.83, 35.98, 35.82, 35.6]","[58.67, 56.14, 53.39, 50.34, 48.09, 44.83, 41.81, 40.94, 38.2, 38.82, 37.06, 38.3, 37.41, 36.67, 36.35, 36.44, 36.38, 35.77, 35.03, 34.65, 36.74, 36.96, 37.09, 37.05]",28.48,"OpenAQ '3S Center Paso De Blas' (1711m), mean of 22 hourly readings 2026-10-04 00:00-2026-10-05 00:00 UTC",2026-10-05T16:22:08.582632+00:00
2026-09-28T00:00:00+00:00,Pasig,OpenAQ (ground sensor) [fine-tuned] [backfilled hindcast],48,"[21.3, 22.75, 23.8, 23.26, 22.05, 21.26, 20.59, 19.76, 19.11, 18.9, 19.54, 21.08, 22.82, 24.05, 24.57, 24.42, 24.1, 23.96, 23.92, 23.84, 23.3, 22.15, 20.56, 19.22]","[25.13, 24.6, 24.95, 25.33, 25.88, 26.21, 26.38, 26.12, 25.15, 24.43, 24.12, 23.75, 24.05, 24.12, 23.94, 23.73, 23.81, 23.73, 23.79, 24.53, 25.6, 26.57, 27.11, 27.21]","[30.38, 28.13, 25.84, 24.26, 23.72, 23.54, 23.88, 24.64, 25.32, 25.72, 26.11, 26.29, 25.84, 25.37, 24.9, 24.54, 24.3, 24.79, 26.07, 27.36, 28.48, 29.6, 30.08, 29.48]","[28.31, 27.8, 27.6, 27.73, 27.52, 27.3, 25.98, 26.15, 25.55, 25.06, 24.83, 24.92, 24.58, 24.14, 24.03, 24.07, 24.78, 24.63, 24.82, 24.48, 26.06, 26.16, 26.3, 26.54]",31.21,"OpenAQ 'Along Shaw Blvd.' (3065m), mean of 20 hourly readings 2026-09-28 00:00-2026-09-29 00:00 UTC",2026-10-05T16:22:12.983469+00:00
2026-09-29T00:00:00+00:00,Pasig,OpenAQ (ground sensor) [fine-tuned] [backfilled hindcast],44,"[24.42, 23.93, 24.63, 26.39, 28.14, 29.2, 28.84, 28.11, 27.96, 27.83, 26.69, 24.69, 23.06, 22.83, 24.09, 26.21, 28.58, 31.0, 33.54, 35.79, 36.52, 34.86, 31.63, 28.55]","[26.1, 23.14, 19.82, 16.76, 14.8, 13.72, 13.8, 14.62, 15.61, 16.94, 17.93, 18.16, 18.04, 17.8, 17.95, 18.55, 19.47, 20.66, 22.47, 25.21, 28.89, 31.54, 33.26, 34.43]","[31.67, 29.14, 27.34, 27.18, 28.22, 29.07, 28.97, 28.36, 27.69, 27.18, 26.87, 26.47, 25.72, 25.33, 25.12, 25.21, 25.81, 26.93, 28.62, 30.2, 31.33, 31.84, 31.31, 29.92]","[34.33, 32.63, 32.11, 30.78, 29.64, 29.1, 26.97, 27.18, 26.27, 25.39, 24.9, 25.21, 25.01, 24.64, 24.55, 24.79, 25.44, 25.36, 25.54, 25.36, 27.04, 27.29, 27.91, 27.76]",36.24,"OpenAQ 'Along Shaw Blvd.' (3065m), mean of 21 hourly readings 2026-09-29 00:00-2026-09-30 00:00 UTC",2026-10-05T16:22:13.010240+00:00
2026-09-30T00:00:00+00:00,Pasig,OpenAQ (ground sensor) [fine-tuned] [backfilled hindcast],41,"[28.89, 28.1, 26.06, 23.21, 21.48, 20.95, 21.03, 21.38, 22.52, 24.54, 26.87, 28.23, 28.66, 29.48, 30.71, 31.19, 30.24, 28.21, 26.39, 26.32, 26.91, 27.48, 27.75, 28.46]","[38.38, 35.68, 32.61, 29.57, 27.31, 26.25, 26.56, 27.16, 27.46, 27.53, 27.0, 25.81, 24.26, 22.54, 21.06, 19.91, 19.47, 18.66, 18.47, 19.29, 20.32, 21.29, 21.79, 22.4]","[29.29, 28.61, 28.97, 30.1, 30.86, 30.76, 30.35, 30.0, 30.07, 29.79, 29.36, 28.97, 28.31, 28.04, 27.65, 27.26, 27.32, 27.54, 27.95, 27.68, 26.73, 25.77, 24.87, 23.91]","[38.59, 36.94, 36.2, 35.34, 34.23, 33.15, 31.27, 32.14, 31.3, 30.86, 30.43, 30.96, 31.15, 30.08, 29.87, 29.7, 30.25, 30.07, 29.7, 28.79, 30.46, 30.23, 30.7, 30.68]",36.9,"OpenAQ 'Along Shaw Blvd.' (3065m), mean of 24 hourly readings 2026-09-30 00:00-2026-10-01 00:00 UTC",2026-10-05T16:22:13.029225+00:00
2026-10-01T00:00:00+00:00,Pasig,OpenAQ (ground sensor) [fine-tuned] [backfilled hindcast],45,"[28.62, 30.29, 31.33, 32.06, 32.92, 32.95, 32.08, 31.16, 30.85, 31.78, 34.11, 36.69, 37.91, 37.26, 35.54, 33.14, 30.57, 27.9, 25.22, 23.43, 23.25, 24.56, 27.03, 29.68]","[29.44, 28.09, 27.84, 28.25, 29.16, 29.61, 29.55, 28.92, 27.25, 25.93, 25.47, 25.31, 25.89, 26.38, 26.55, 26.23, 26.03, 25.18, 24.59, 24.9, 25.42, 25.99, 26.27, 26.23]","[32.36, 33.94, 34.98, 35.32, 34.43, 32.86, 31.92, 31.25, 31.17, 30.65, 30.25, 29.92, 29.09, 28.53, 27.74, 27.3, 27.22, 27.03, 26.82, 26.16, 25.26, 24.72, 24.38, 24.19]","[36.14, 35.1, 34.63, 34.02, 33.81, 33.09, 31.75, 32.02, 31.44, 31.18, 30.68, 30.99, 30.95, 30.48, 30.02, 30.02, 30.48, 29.96, 29.84, 28.89, 30.43, 30.45, 30.21, 30.24]",31.22,"OpenAQ 'Along Shaw Blvd.' (3065m), mean of 18 hourly readings 2026-10-01 00:00-2026-10-02 00:00 UTC",2026-10-05T16:22:13.044906+00:00
2026-10-03T00:00:00+00:00,Pasig,OpenAQ (ground sensor) [fine-tuned] [backfilled hindcast],34,"[34.6, 31.68, 27.66, 25.11, 24.47, 24.53, 25.14, 26.2, 28.07, 31.21, 34.83, 36.27, 34.36, 31.09, 28.73, 26.65, 24.73, 24.28, 25.28, 27.63, 31.41, 35.59, 38.51, 39.74]","[41.85, 37.63, 33.89, 31.49, 29.52, 28.18, 27.75, 28.84, 30.61, 32.7, 34.58, 36.28, 37.0, 36.26, 34.28, 31.11, 29.03, 28.08, 28.81, 30.66, 33.02, 34.85, 35.3, 34.54]","[32.87, 30.64, 28.31, 26.28, 25.11, 24.88, 24.96, 25.29, 26.18, 26.78, 27.17, 27.11, 26.02, 24.38, 22.59, 20.89, 19.75, 19.49, 19.88, 20.22, 20.57, 21.24, 22.06, 22.65]","[32.07, 31.21, 31.18, 30.79, 30.06, 29.61, 28.32, 29.13, 28.88, 28.61, 28.55, 28.8, 28.88, 28.22, 27.62, 27.62, 28.2, 27.49, 27.51, 26.66, 27.53, 27.52, 27.68, 27.63]",37.15,"OpenAQ 'Along Shaw Blvd.' (3065m), mean of 21 hourly readings 2026-10-03 00:00-2026-10-04 00:00 UTC",2026-10-05T16:22:13.063951+00:00
2026-10-04T00:00:00+00:00,Pasig,OpenAQ (ground sensor) [fine-tuned] [backfilled hindcast],37,"[37.99, 37.21, 34.68, 32.41, 31.39, 29.94, 28.44, 27.33, 26.92, 28.44, 30.99, 31.87, 30.93, 30.31, 30.18, 29.03, 27.41, 26.3, 25.67, 26.01, 27.11, 27.97, 28.54, 29.28]","[37.11, 33.73, 30.08, 27.45, 26.3, 26.29, 26.77, 27.38, 27.5, 27.59, 27.85, 27.87, 27.96, 27.44, 26.29, 24.87, 24.23, 23.88, 24.59, 26.42, 28.87, 31.21, 32.63, 32.54]","[30.48, 27.91, 24.77, 22.22, 21.03, 21.04, 21.31, 20.86, 20.2, 19.2, 18.69, 18.62, 18.51, 18.61, 18.69, 18.66, 18.6, 18.46, 18.06, 17.32, 16.41, 15.58, 15.2, 14.67]","[35.88, 35.36, 35.07, 34.82, 34.48, 33.4, 31.92, 32.07, 31.28, 30.84, 30.39, 30.71, 30.19, 29.85, 28.84, 28.59, 28.9, 27.99, 27.79, 26.52, 27.74, 27.39, 27.21, 27.41]",24.75,"OpenAQ 'Along Shaw Blvd.' (3065m), mean of 22 hourly readings 2026-10-04 00:00-2026-10-05 00:00 UTC",2026-10-05T16:22:13.080707+00:00
2026-09-28T00:00:00+00:00,Makati,OpenAQ (ground sensor) [fine-tuned] [backfilled hindcast],39,"[19.68, 19.35, 18.62, 17.99, 17.56, 17.53, 17.68, 17.84, 18.32, 18.81, 18.82, 18.09, 16.97, 16.02, 15.45, 15.14, 15.11, 15.45, 15.74, 16.03, 17.0, 18.59, 19.95, 19.96]","[24.84, 22.56, 20.19, 18.27, 17.34, 17.59, 18.75, 19.92, 20.86, 21.34, 21.27, 21.0, 20.57, 19.62, 18.5, 17.24, 16.25, 15.77, 16.23, 17.44, 19.05, 20.69, 21.61, 21.72]","[22.29, 21.29, 19.87, 19.12, 19.81, 21.2, 22.47, 22.98, 23.12, 23.03, 23.07, 23.1, 22.85, 22.81, 22.66, 22.59, 22.49, 22.61, 23.11, 23.65, 24.04, 24.57, 24.76, 24.09]","[23.44, 23.31, 23.15, 23.32, 23.31, 22.95, 22.26, 22.29, 21.88, 21.88, 21.73, 21.75, 21.4, 21.34, 21.02, 20.93, 21.46, 21.15, 21.41, 20.91, 21.9, 22.04, 21.62, 21.67]",23.92,"OpenAQ 'Makati Avenue  - Antonio Arnaiz Avenue Intersection' (502m), mean of 19 hourly readings 2026-09-28 00:00-2026-09-29 00:00 UTC",2026-10-05T16:22:17.585575+00:00
2026-09-29T00:00:00+00:00,Makati,OpenAQ (ground sensor) [fine-tuned] [backfilled hindcast],39,"[30.63, 29.18, 27.66, 26.34, 25.39, 25.18, 24.92, 24.78, 24.72, 23.92, 22.95, 22.22, 21.64, 21.08, 20.85, 21.43, 23.98, 28.49, 33.16, 35.32, 35.71, 35.1, 33.41, 30.38]","[30.75, 29.52, 28.31, 26.92, 25.3, 23.33, 21.52, 20.2, 19.27, 19.22, 19.76, 20.3, 20.86, 20.93, 20.9, 20.48, 20.21, 19.72, 19.99, 21.56, 23.92, 26.81, 29.04, 29.8]","[22.53, 23.55, 24.01, 23.89, 23.17, 21.9, 20.74, 19.46, 18.97, 19.03, 19.87, 21.68, 22.96, 24.01, 24.41, 24.37, 24.03, 23.56, 22.83, 21.98, 21.21, 20.88, 21.57, 22.4]","[29.11, 27.58, 27.25, 25.97, 24.35, 24.03, 22.22, 22.38, 21.73, 20.52, 20.18, 20.73, 20.66, 19.95, 19.85, 20.12, 20.55, 20.74, 20.73, 20.93, 21.83, 22.19, 23.36, 23.16]",34.99,"OpenAQ 'Makati Avenue  - Antonio Arnaiz Avenue Intersection' (502m), mean of 20 hourly readings 2026-09-29 00:00-2026-09-30 00:00 UTC",2026-10-05T16:22:17.602404+00:00
2026-09-30T00:00:00+00:00,Makati,OpenAQ (ground sensor) [fine-tuned] [backfilled hindcast],39,"[26.45, 25.97, 24.51, 22.65, 22.03, 21.95, 21.72, 21.13, 20.58, 20.11, 19.83, 19.61, 19.59, 20.24, 21.53, 22.97, 23.95, 24.26, 23.65, 22.99, 22.45, 22.15, 21.68, 21.4]","[25.92, 25.32, 25.04, 24.43, 23.73, 22.72, 20.75, 18.55, 16.45, 14.91, 14.3, 14.61, 15.18, 15.24, 15.11, 14.76, 15.27, 16.29, 17.8, 19.96, 22.03, 23.04, 23.53, 23.46]","[30.35, 29.16, 28.14, 27.52, 26.98, 26.5, 26.48, 26.77, 27.19, 27.12, 27.03, 27.06, 26.61, 26.34, 26.05, 25.82, 25.88, 26.22, 26.7, 26.63, 26.03, 25.46, 25.09, 24.51]","[28.84, 28.19, 27.88, 28.21, 28.4, 27.52, 26.51, 27.3, 27.47, 27.48, 28.14, 29.12, 29.51, 29.45, 29.56, 29.54, 30.1, 29.33, 28.95, 27.89, 28.58, 28.26, 28.03, 27.48]",31.52,"OpenAQ 'Makati Avenue  - Antonio Arnaiz Avenue Intersection' (502m), mean of 23 hourly readings 2026-09-30 00:00-2026-10-01 00:00 UTC",2026-10-05T16:22:17.621364+00:00
2026-10-01T00:00:00+00:00,Makati,OpenAQ (ground sensor) [fine-tuned] [backfilled hindcast],43,"[27.62, 27.87, 27.74, 27.73, 27.53, 26.34, 24.57, 23.35, 22.81, 23.22, 24.61, 26.41, 28.34, 30.8, 33.32, 33.83, 32.24, 30.05, 28.49, 27.7, 27.09, 26.35, 25.45, 24.89]","[29.75, 30.97, 32.12, 32.63, 31.83, 30.18, 28.29, 27.27, 26.76, 27.15, 28.03, 28.87, 29.8, 29.62, 29.3, 28.7, 29.07, 29.81, 30.9, 32.48, 34.02, 35.4, 36.76, 37.69]","[38.37, 40.41, 41.84, 42.29, 40.84, 37.96, 35.57, 34.35, 34.29, 34.29, 34.15, 33.8, 32.84, 32.52, 32.16, 31.99, 32.13, 32.21, 32.47, 32.21, 31.68, 31.26, 30.94, 30.9]","[36.18, 34.51, 34.04, 33.28, 32.39, 31.4, 29.58, 30.08, 29.09, 28.61, 28.24, 28.74, 28.84, 28.13, 28.13, 28.08, 28.83, 28.74, 28.75, 28.06, 30.31, 30.23, 30.52, 30.7]",27.98,"OpenAQ 'Makati Avenue  - Antonio Arnaiz Avenue Intersection' (502m), mean of 19 hourly readings 2026-10-01 00:00-2026-10-02 00:00 UTC",2026-10-05T16:22:17.642553+00:00
2026-10-03T00:00:00+00:00,Makati,OpenAQ (ground sensor) [fine-tuned] [backfilled hindcast],35,"[36.83, 34.06, 29.12, 25.5, 23.79, 22.43, 21.68, 22.16, 24.37, 27.62, 30.37, 30.87, 29.03, 26.82, 25.2, 23.01, 20.49, 18.92, 18.35, 19.87, 25.04, 32.09, 36.83, 37.75]","[41.01, 37.32, 32.5, 28.25, 24.86, 22.72, 22.23, 23.06, 24.04, 26.0, 27.88, 28.7, 29.71, 30.29, 30.63, 30.44, 30.02, 29.13, 28.72, 29.17, 31.01, 34.18, 37.18, 39.42]","[37.81, 36.4, 34.21, 31.55, 29.0, 27.01, 25.77, 25.06, 24.9, 24.66, 24.98, 25.43, 25.18, 24.93, 24.89, 24.79, 24.48, 24.45, 24.75, 25.13, 25.31, 25.66, 26.54, 27.13]","[33.71, 32.51, 31.97, 31.16, 30.84, 30.32, 29.39, 30.16, 30.24, 30.22, 30.42, 30.45, 30.81, 30.53, 30.38, 30.56, 30.76, 30.09, 29.97, 29.57, 29.84, 29.88, 29.95, 29.5]",36.28,"OpenAQ 'Makati Avenue  - Antonio Arnaiz Avenue Intersection' (502m), mean of 20 hourly readings 2026-10-03 00:00-2026-10-04 00:00 UTC",2026-10-05T16:22:17.662199+00:00
2026-10-04T00:00:00+00:00,Makati,OpenAQ (ground sensor) [fine-tuned] [backfilled hindcast],36,"[39.93, 37.93, 32.39, 27.52, 25.92, 24.9, 24.06, 23.51, 24.65, 28.84, 34.33, 35.68, 32.64, 29.37, 28.0, 26.94, 25.19, 23.87, 23.46, 24.93, 28.28, 30.87, 31.17, 30.21]","[50.39, 47.59, 42.37, 36.87, 32.35, 29.78, 29.56, 30.54, 31.35, 32.79, 33.7, 32.7, 31.56, 30.62, 29.87, 28.9, 28.34, 26.88, 26.26, 27.52, 30.52, 34.95, 39.29, 42.34]","[47.62, 43.57, 38.35, 33.6, 31.06, 29.97, 29.77, 29.52, 29.54, 28.76, 28.51, 28.63, 28.23, 27.37, 26.21, 25.44, 24.75, 24.71, 25.25, 25.01, 24.58, 25.6, 27.27, 27.76]","[37.98, 36.84, 36.46, 35.52, 35.37, 34.7, 33.12, 33.58, 32.75, 32.55, 32.15, 32.15, 32.41, 32.16, 31.71, 31.99, 32.55, 31.96, 32.17, 31.42, 32.97, 33.13, 33.01, 32.75]",19.04,"OpenAQ 'Makati Avenue  - Antonio Arnaiz Avenue Intersection' (502m), mean of 22 hourly readings 2026-10-04 00:00-2026-10-05 00:00 UTC",2026-10-05T16:22:17.678542+00:00
2026-09-29T00:00:00+00:00,Mandaluyong,OpenAQ (ground sensor) [fine-tuned] [backfilled hindcast],37,"[29.59, 28.46, 27.21, 26.08, 24.92, 24.39, 24.16, 24.7, 25.82, 25.53, 23.77, 21.6, 20.07, 19.16, 18.63, 18.76, 21.08, 25.89, 31.58, 35.25, 36.96, 36.67, 34.77, 31.4]","[26.94, 25.53, 24.28, 23.09, 22.04, 21.08, 20.61, 20.57, 20.38, 20.14, 20.0, 19.56, 19.17, 18.47, 17.91, 17.86, 18.56, 19.12, 20.05, 21.55, 23.24, 25.0, 26.73, 28.07]","[20.86, 21.01, 20.69, 20.31, 20.05, 19.51, 19.26, 19.29, 19.81, 20.35, 20.84, 21.77, 22.29, 22.97, 23.41, 23.59, 23.59, 23.63, 23.65, 23.47, 23.15, 23.02, 23.39, 23.58]","[27.08, 25.87, 25.5, 24.4, 23.2, 22.99, 21.58, 21.35, 20.92, 19.98, 19.4, 19.73, 19.46, 19.19, 19.12, 19.4, 19.84, 19.91, 20.04, 20.3, 21.03, 21.39, 22.13, 21.86]",30.35,"OpenAQ 'J.P. Rizal Avenue corner Camia' (1371m), mean of 21 hourly readings 2026-09-29 00:00-2026-09-30 00:00 UTC",2026-10-05T16:22:22.616408+00:00
2026-09-30T00:00:00+00:00,Mandaluyong,OpenAQ (ground sensor) [fine-tuned] [backfilled hindcast],38,"[28.52, 28.13, 26.92, 24.81, 23.26, 22.59, 22.19, 21.59, 20.87, 19.65, 18.39, 17.54, 17.3, 17.78, 19.38, 21.45, 22.81, 23.37, 23.57, 24.04, 24.43, 24.4, 23.44, 22.32]","[27.07, 26.22, 24.91, 23.21, 21.42, 19.43, 17.58, 16.1, 14.87, 14.21, 14.1, 14.09, 14.31, 14.34, 14.44, 14.65, 15.25, 15.69, 16.35, 17.69, 19.23, 20.46, 21.43, 22.22]","[25.58, 24.84, 24.49, 24.61, 24.73, 24.65, 24.71, 25.0, 25.23, 25.16, 24.89, 24.78, 24.59, 24.9, 25.4, 25.97, 26.54, 26.98, 27.55, 27.7, 27.18, 26.27, 25.41, 24.45]","[29.49, 28.52, 28.04, 27.65, 27.02, 26.23, 24.92, 24.98, 24.74, 24.17, 24.18, 24.66, 24.82, 24.38, 24.12, 24.31, 24.68, 24.1, 24.08, 23.62, 24.23, 24.14, 24.53, 24.11]",28.28,"OpenAQ 'J.P. Rizal Avenue corner Camia' (1371m), mean of 19 hourly readings 2026-09-30 00:00-2026-10-01 00:00 UTC",2026-10-05T16:22:22.639739+00:00
2026-10-01T00:00:00+00:00,Mandaluyong,OpenAQ (ground sensor) [fine-tuned] [backfilled hindcast],40,"[27.55, 26.18, 24.1, 22.67, 22.24, 22.12, 21.89, 21.95, 22.39, 23.6, 25.54, 27.21, 28.22, 28.6, 28.64, 27.83, 26.49, 25.24, 24.23, 23.82, 24.33, 25.22, 25.92, 25.89]","[34.75, 31.92, 28.89, 26.66, 25.18, 23.98, 22.94, 22.51, 22.39, 23.3, 24.63, 26.05, 27.45, 27.99, 27.85, 26.81, 26.02, 25.39, 25.67, 26.79, 28.57, 30.86, 32.95, 34.26]","[37.07, 37.06, 34.99, 32.13, 29.26, 27.21, 26.65, 26.55, 26.43, 25.95, 26.07, 26.61, 26.54, 26.87, 27.24, 27.67, 28.04, 28.22, 28.24, 27.56, 26.49, 25.41, 24.83, 24.21]","[29.68, 28.62, 28.21, 28.07, 27.35, 26.68, 25.43, 25.72, 25.35, 24.99, 24.88, 25.24, 25.37, 24.79, 24.56, 24.62, 25.35, 24.95, 25.01, 24.49, 25.82, 25.78, 25.88, 25.86]",28.91,"OpenAQ 'J.P. Rizal Avenue corner Camia' (1371m), mean of 19 hourly readings 2026-10-01 00:00-2026-10-02 00:00 UTC",2026-10-05T16:22:22.658130+00:00
2026-10-03T00:00:00+00:00,Mandaluyong,OpenAQ (ground sensor) [fine-tuned] [backfilled hindcast],36,"[31.05, 28.98, 25.0, 21.71, 20.14, 19.36, 19.16, 19.51, 20.92, 23.51, 26.55, 27.75, 26.62, 24.71, 23.13, 21.44, 19.88, 19.35, 19.7, 21.42, 24.94, 28.79, 31.5, 32.31]","[34.68, 31.56, 28.79, 26.89, 24.81, 22.42, 19.96, 18.75, 18.74, 20.25, 22.27, 24.39, 26.66, 27.82, 27.74, 26.25, 25.33, 24.91, 25.38, 26.62, 28.36, 30.58, 32.35, 33.02]","[31.14, 29.65, 28.01, 26.51, 25.22, 24.19, 23.65, 23.46, 23.59, 23.45, 23.4, 23.31, 22.73, 22.31, 22.06, 21.93, 21.89, 22.21, 23.05, 23.78, 24.19, 24.62, 24.91, 24.58]","[24.21, 23.74, 23.92, 23.57, 22.92, 22.98, 22.53, 22.98, 23.41, 23.47, 23.43, 23.53, 23.87, 23.67, 23.02, 23.21, 23.49, 22.67, 22.99, 22.63, 22.21, 22.49, 22.66, 22.35]",32.17,"OpenAQ 'J.P. Rizal Avenue corner Camia' (1371m), mean of 18 hourly readings 2026-10-03 00:00-2026-10-04 00:00 UTC",2026-10-05T16:22:22.676379+00:00
2026-10-04T00:00:00+00:00,Mandaluyong,OpenAQ (ground sensor) [fine-tuned] [backfilled hindcast],35,"[39.88, 37.68, 33.07, 29.04, 26.74, 24.58, 23.17, 22.46, 22.6, 24.29, 26.84, 28.09, 27.84, 27.29, 26.68, 25.22, 23.33, 21.99, 21.23, 21.38, 22.8, 24.43, 25.48, 25.86]","[30.6, 29.1, 27.13, 25.33, 24.28, 23.85, 23.57, 23.36, 23.09, 23.35, 24.04, 24.39, 24.82, 24.69, 24.11, 23.02, 22.18, 21.12, 20.59, 21.28, 22.71, 24.72, 26.38, 27.12]","[30.88, 28.43, 25.29, 22.72, 22.06, 22.92, 23.59, 22.94, 22.15, 21.04, 20.3, 19.86, 19.4, 19.55, 19.97, 20.59, 20.95, 20.9, 20.43, 19.51, 18.55, 18.02, 18.18, 18.26]","[29.94, 29.28, 29.0, 29.05, 28.84, 28.07, 27.08, 27.45, 27.14, 27.05, 26.99, 27.19, 27.29, 26.75, 26.31, 26.24, 26.64, 26.02, 25.85, 24.92, 25.96, 25.66, 25.43, 25.48]",17.0,"OpenAQ 'J.P. Rizal Avenue corner Camia' (1371m), mean of 22 hourly readings 2026-10-04 00:00-2026-10-05 00:00 UTC",2026-10-05T16:22:22.695187+00:00
2026-09-29T00:00:00+00:00,Navotas,OpenAQ (ground sensor) [fine-tuned] [backfilled hindcast],37,"[29.02, 26.44, 24.76, 23.98, 24.07, 25.43, 27.55, 29.74, 30.85, 30.34, 29.51, 28.6, 27.14, 25.5, 24.9, 25.89, 28.95, 32.9, 35.87, 36.53, 35.93, 35.06, 33.17, 30.05]","[35.59, 31.96, 29.29, 26.75, 24.37, 22.87, 22.72, 23.64, 24.62, 25.59, 26.32, 26.88, 26.68, 26.1, 25.13, 24.45, 25.22, 27.04, 30.42, 34.5, 37.85, 37.82, 35.27, 31.75]","[33.82, 30.35, 26.83, 24.53, 23.87, 24.09, 24.92, 25.85, 26.4, 26.21, 25.65, 25.07, 24.26, 23.67, 23.21, 23.09, 23.28, 24.29, 26.1, 27.54, 28.88, 30.08, 30.13, 28.91]","[42.63, 40.43, 39.03, 36.56, 35.09, 33.79, 31.19, 30.65, 29.04, 28.23, 27.07, 27.54, 27.24, 26.97, 27.26, 27.95, 28.22, 28.24, 28.06, 28.58, 30.41, 30.75, 31.58, 31.02]",44.84,"OpenAQ 'Barangay Tanza 2 Hall' (947m), mean of 18 hourly readings 2026-09-29 00:00-2026-09-30 00:00 UTC",2026-10-05T16:22:26.781983+00:00
2026-09-30T00:00:00+00:00,Navotas,OpenAQ (ground sensor) [fine-tuned] [backfilled hindcast],34,"[38.43, 36.63, 34.46, 32.13, 31.26, 31.66, 32.76, 34.65, 36.75, 37.2, 36.21, 35.38, 35.1, 35.1, 35.34, 34.94, 34.45, 34.99, 36.99, 39.33, 40.18, 39.07, 37.48, 36.61]","[55.18, 45.56, 37.11, 31.17, 28.26, 27.8, 30.07, 32.57, 33.85, 34.56, 33.95, 32.15, 29.8, 27.59, 25.52, 23.88, 23.69, 23.35, 24.18, 26.1, 28.88, 31.55, 33.29, 34.21]","[42.05, 37.84, 33.51, 30.58, 30.61, 32.44, 34.4, 35.56, 36.0, 35.94, 35.95, 35.58, 34.55, 33.22, 31.62, 30.49, 29.84, 30.15, 31.34, 32.29, 33.07, 34.13, 34.62, 34.21]","[43.27, 41.23, 40.33, 38.83, 38.01, 37.12, 34.72, 36.11, 34.84, 34.72, 34.26, 34.8, 35.01, 34.13, 34.31, 34.39, 35.05, 34.9, 34.9, 34.04, 36.08, 36.34, 36.48, 36.27]",41.05,"OpenAQ 'Barangay Tanza 2 Hall' (947m), mean of 21 hourly readings 2026-09-30 00:00-2026-10-01 00:00 UTC",2026-10-05T16:22:26.806066+00:00
2026-10-01T00:00:00+00:00,Navotas,OpenAQ (ground sensor) [fine-tuned] [backfilled hindcast],39,"[37.95, 35.67, 33.21, 31.31, 30.42, 29.89, 29.81, 30.7, 32.59, 34.84, 36.59, 37.02, 35.99, 34.92, 34.59, 33.42, 31.57, 30.19, 29.81, 30.86, 33.39, 35.97, 36.89, 36.29]","[47.75, 40.0, 32.25, 26.08, 22.54, 21.04, 21.37, 23.49, 26.12, 29.41, 32.25, 33.82, 34.09, 33.37, 32.19, 30.68, 29.78, 29.34, 29.86, 31.75, 34.49, 37.0, 39.23, 41.51]","[56.8, 51.43, 46.16, 42.04, 39.84, 38.54, 38.49, 39.19, 39.79, 39.52, 39.69, 39.75, 38.82, 37.52, 35.96, 35.29, 34.66, 34.68, 35.83, 36.62, 37.39, 39.52, 41.73, 42.67]","[55.5, 51.66, 49.35, 45.21, 44.15, 42.0, 39.45, 40.33, 38.41, 38.92, 39.27, 40.02, 40.5, 39.74, 40.32, 41.23, 40.44, 39.23, 38.68, 38.64, 39.37, 39.57, 39.82, 38.75]",33.24,"OpenAQ 'Barangay Tanza 2 Hall' (947m), mean of 19 hourly readings 2026-10-01 00:00-2026-10-02 00:00 UTC",2026-10-05T16:22:26.824361+00:00
2026-10-03T00:00:00+00:00,Navotas,OpenAQ (ground sensor) [fine-tuned] [backfilled hindcast],36,"[41.0, 37.51, 33.16, 30.22, 29.29, 29.2, 29.8, 31.13, 32.91, 34.66, 36.37, 37.28, 37.23, 36.72, 35.97, 35.15, 34.93, 34.62, 33.55, 32.86, 33.77, 35.84, 37.48, 38.02]","[48.76, 46.51, 43.03, 39.46, 36.07, 33.19, 32.27, 33.25, 34.24, 35.79, 37.56, 37.74, 37.43, 36.82, 35.78, 34.48, 33.74, 32.33, 31.9, 32.91, 34.37, 36.44, 37.77, 38.86]","[40.83, 38.63, 36.74, 35.66, 35.27, 35.0, 35.27, 35.82, 36.63, 37.08, 37.47, 37.48, 36.68, 35.6, 34.24, 33.25, 32.46, 32.13, 32.24, 31.89, 31.12, 31.14, 31.85, 32.43]","[42.93, 38.9, 37.1, 32.93, 30.8, 30.0, 27.77, 27.72, 27.64, 26.85, 27.41, 28.08, 28.47, 27.67, 27.89, 28.82, 28.34, 28.39, 28.58, 28.91, 28.6, 29.59, 30.7, 29.92]",41.86,"OpenAQ 'Barangay Tanza 2 Hall' (947m), mean of 19 hourly readings 2026-10-03 00:00-2026-10-04 00:00 UTC",2026-10-05T16:22:26.844785+00:00
2026-10-04T00:00:00+00:00,Navotas,OpenAQ (ground sensor) [fine-tuned] [backfilled hindcast],36,"[47.93, 43.78, 38.47, 34.52, 32.86, 32.25, 33.08, 35.28, 38.45, 41.94, 45.3, 46.3, 45.1, 43.79, 42.9, 41.4, 40.36, 40.96, 42.11, 42.79, 43.47, 44.35, 44.91, 45.11]","[56.47, 54.06, 50.3, 46.13, 42.27, 38.83, 36.1, 34.98, 34.09, 34.62, 36.11, 37.04, 37.24, 36.35, 34.72, 31.93, 30.07, 27.53, 26.48, 27.34, 29.15, 32.48, 35.43, 37.33]","[42.41, 39.2, 35.74, 33.53, 33.1, 33.47, 34.42, 35.33, 35.95, 35.96, 36.07, 36.1, 35.59, 35.42, 35.13, 35.12, 35.28, 35.85, 37.09, 37.62, 37.47, 37.41, 36.92, 35.34]","[46.11, 44.25, 42.97, 40.77, 40.66, 39.44, 37.54, 37.34, 36.44, 36.25, 35.55, 35.88, 35.77, 35.6, 35.62, 36.5, 36.24, 35.7, 35.69, 35.68, 37.28, 37.68, 37.68, 36.96]",29.19,"OpenAQ 'Barangay Tanza 2 Hall' (947m), mean of 22 hourly readings 2026-10-04 00:00-2026-10-05 00:00 UTC",2026-10-05T16:22:26.861820+00:00
2026-09-28T00:00:00+00:00,Pasay,OpenAQ (ground sensor) [fine-tuned] [backfilled hindcast],43,"[37.28, 34.38, 31.71, 29.13, 27.32, 25.09, 24.35, 24.81, 24.79, 24.82, 28.21, 36.09, 37.33, 28.7, 21.47, 19.72, 19.21, 19.16, 18.3, 16.52, 16.71, 19.85, 22.77, 25.34]","[31.39, 24.84, 22.38, 23.56, 23.82, 24.28, 24.59, 24.05, 25.46, 27.94, 30.55, 34.68, 34.95, 29.18, 21.96, 15.53, 13.48, 14.03, 15.88, 18.64, 22.71, 26.04, 29.26, 31.67]","[29.86, 27.62, 25.94, 25.07, 24.98, 25.27, 26.4, 27.97, 29.52, 30.89, 31.31, 30.73, 30.0, 29.61, 29.41, 29.07, 27.83, 26.75, 26.18, 26.16, 26.56, 27.78, 29.36, 30.54]","[35.67, 42.22, 42.0, 45.75, 49.07, 48.59, 46.37, 47.77, 41.69, 38.75, 35.79, 33.54, 30.02, 27.14, 29.33, 28.06, 27.55, 30.85, 29.6, 32.65, 37.1, 34.79, 37.25, 39.62]",40.87,"OpenAQ 'Santa Clara - Pasay City General Hospital' (1235m), mean of 18 hourly readings 2026-09-28 00:00-2026-09-29 00:00 UTC",2026-10-05T16:22:31.176357+00:00
2026-09-29T00:00:00+00:00,Pasay,OpenAQ (ground sensor) [fine-tuned] [backfilled hindcast],40,"[35.69, 33.56, 28.15, 23.55, 22.42, 21.57, 20.8, 20.6, 21.81, 24.44, 28.66, 30.52, 27.06, 22.94, 20.82, 19.3, 18.55, 20.64, 20.86, 19.54, 21.76, 26.63, 29.92, 33.29]","[30.42, 27.89, 25.48, 24.42, 23.19, 21.7, 21.18, 20.88, 20.99, 21.27, 21.47, 20.92, 20.79, 21.06, 21.58, 21.44, 21.25, 21.91, 22.18, 23.69, 26.14, 28.09, 29.98, 31.65]","[37.57, 34.9, 32.33, 30.3, 29.07, 28.36, 28.06, 27.61, 27.44, 27.64, 27.81, 27.54, 27.07, 26.04, 24.61, 23.39, 22.32, 21.98, 22.47, 23.44, 24.91, 27.08, 28.94, 29.91]","[58.58, 59.05, 57.82, 53.78, 52.34, 51.2, 48.08, 46.14, 41.26, 38.77, 36.54, 38.71, 36.79, 34.47, 35.63, 36.8, 36.18, 38.68, 39.37, 40.51, 45.17, 45.53, 47.7, 51.33]",53.04,"OpenAQ 'Santa Clara - Pasay City General Hospital' (1235m), mean of 19 hourly readings 2026-09-29 00:00-2026-09-30 00:00 UTC",2026-10-05T16:22:31.198444+00:00
2026-09-30T00:00:00+00:00,Pasay,OpenAQ (ground sensor) [fine-tuned] [backfilled hindcast],37,"[38.78, 37.49, 34.51, 31.84, 30.91, 29.72, 28.54, 27.85, 28.37, 31.24, 34.95, 34.74, 30.72, 27.74, 26.58, 24.98, 22.7, 21.45, 20.76, 21.37, 23.78, 26.63, 28.24, 29.15]","[46.24, 44.06, 40.46, 35.11, 28.59, 24.49, 23.92, 24.86, 26.26, 27.82, 28.54, 27.14, 26.02, 25.64, 25.9, 25.67, 25.63, 25.41, 25.34, 27.19, 30.12, 33.05, 35.87, 38.63]","[39.86, 36.81, 33.98, 32.53, 31.43, 30.01, 30.27, 32.19, 34.02, 35.23, 35.87, 35.93, 35.34, 35.23, 35.29, 35.35, 35.29, 35.65, 36.26, 36.52, 36.66, 37.03, 37.71, 38.28]","[52.45, 50.99, 49.92, 48.57, 48.93, 47.4, 44.43, 46.18, 43.15, 42.17, 42.31, 41.26, 41.3, 39.87, 40.83, 41.32, 41.18, 40.82, 40.67, 40.87, 43.13, 42.01, 43.38, 43.15]",64.96,"OpenAQ 'Santa Clara - Pasay City General Hospital' (1235m), mean of 23 hourly readings 2026-09-30 00:00-2026-10-01 00:00 UTC",2026-10-05T16:22:31.217531+00:00
2026-10-01T00:00:00+00:00,Pasay,OpenAQ (ground sensor) [fine-tuned] [backfilled hindcast],42,"[33.65, 31.29, 29.73, 28.65, 27.6, 25.82, 25.37, 25.47, 24.38, 26.2, 32.54, 36.5, 30.94, 22.51, 19.98, 20.21, 18.62, 17.98, 17.9, 18.33, 20.12, 23.62, 26.37, 28.55]","[45.86, 40.51, 37.22, 35.46, 33.94, 32.68, 30.97, 30.11, 30.27, 31.03, 33.35, 36.8, 39.79, 40.41, 40.79, 38.93, 36.28, 35.57, 35.69, 37.6, 39.79, 41.62, 43.51, 43.52]","[37.34, 36.83, 34.35, 31.1, 28.05, 26.19, 27.11, 29.06, 30.61, 31.95, 32.87, 32.5, 31.49, 30.72, 29.91, 29.74, 29.42, 29.34, 29.51, 29.88, 30.53, 32.24, 34.85, 37.6]","[51.47, 53.42, 51.56, 49.12, 51.24, 49.78, 47.57, 47.78, 43.53, 41.15, 38.98, 35.88, 33.64, 32.16, 35.43, 35.27, 33.51, 34.98, 33.12, 36.51, 37.68, 36.18, 39.11, 38.68]",44.3,"OpenAQ 'Santa Clara - Pasay City General Hospital' (1235m), mean of 18 hourly readings 2026-10-01 00:00-2026-10-02 00:00 UTC",2026-10-05T16:22:31.239903+00:00
2026-10-04T00:00:00+00:00,Pasay,OpenAQ (ground sensor) [fine-tuned] [backfilled hindcast],33,"[37.18, 39.68, 35.28, 29.66, 29.63, 30.95, 30.26, 28.64, 32.04, 40.54, 48.14, 43.73, 32.87, 28.3, 28.84, 27.16, 23.32, 23.86, 28.2, 32.63, 35.66, 37.95, 39.96, 41.32]","[38.32, 41.63, 41.62, 37.49, 32.0, 28.79, 29.12, 31.11, 33.22, 35.61, 36.29, 34.71, 32.72, 30.31, 29.11, 28.23, 27.69, 26.83, 27.02, 29.41, 33.09, 37.38, 41.24, 44.68]","[40.27, 36.29, 32.68, 29.82, 28.11, 27.27, 27.12, 27.55, 28.06, 28.18, 28.44, 29.03, 29.39, 28.46, 26.77, 25.07, 23.85, 23.73, 24.28, 24.36, 24.31, 25.24, 26.49, 27.09]","[43.81, 43.52, 43.11, 40.83, 41.01, 40.09, 38.76, 38.96, 36.84, 35.74, 34.66, 35.44, 34.92, 33.51, 33.34, 33.87, 33.36, 34.66, 34.76, 34.54, 35.72, 36.3, 36.66, 37.95]",26.71,"OpenAQ 'Santa Clara - Pasay City General Hospital' (1235m), mean of 22 hourly readings 2026-10-04 00:00-2026-10-05 00:00 UTC",2026-10-05T16:22:31.259526+00:00
2026-09-29T00:00:00+00:00,San_Juan,OpenAQ (ground sensor) [fine-tuned] [backfilled hindcast],36,"[33.81, 33.32, 32.49, 31.02, 29.16, 27.66, 26.32, 25.69, 26.0, 25.44, 23.87, 22.02, 21.16, 20.94, 21.31, 22.93, 26.36, 30.5, 34.02, 36.04, 37.14, 36.9, 34.94, 31.46]","[35.93, 32.51, 29.79, 28.5, 28.75, 29.31, 28.91, 27.51, 25.15, 22.72, 21.59, 22.19, 23.73, 25.15, 26.69, 27.78, 28.89, 29.62, 30.12, 30.53, 30.73, 30.65, 30.62, 29.84]","[23.78, 23.74, 23.45, 22.77, 21.81, 20.61, 19.99, 20.04, 20.8, 21.51, 21.91, 22.82, 23.31, 23.78, 23.92, 23.87, 23.67, 23.51, 23.37, 23.16, 22.98, 22.82, 23.11, 23.36]","[37.02, 34.68, 33.55, 31.52, 29.45, 28.31, 25.94, 25.45, 24.34, 23.37, 22.95, 23.82, 23.81, 23.19, 23.34, 23.97, 24.49, 24.56, 24.57, 24.98, 26.61, 26.93, 28.03, 27.75]",33.25,"OpenAQ 'San Juan Mini Park' (738m), mean of 19 hourly readings 2026-09-29 00:00-2026-09-30 00:00 UTC",2026-10-05T16:22:35.163816+00:00
2026-09-30T00:00:00+00:00,San_Juan,OpenAQ (ground sensor) [fine-tuned] [backfilled hindcast],35,"[29.66, 29.61, 28.52, 26.59, 25.67, 25.44, 24.7, 23.07, 21.1, 19.56, 18.85, 18.66, 18.91, 19.6, 21.78, 25.19, 28.08, 29.31, 29.37, 29.47, 28.85, 27.54, 25.86, 24.81]","[30.94, 28.47, 26.11, 24.1, 22.96, 22.29, 22.04, 21.47, 20.46, 19.25, 18.16, 17.21, 16.7, 16.34, 16.39, 16.83, 17.77, 18.74, 19.81, 21.54, 23.28, 24.24, 24.58, 24.72]","[27.7, 26.29, 25.92, 26.98, 28.54, 29.75, 30.28, 30.19, 30.0, 30.45, 30.32, 29.65, 29.17, 29.4, 29.53, 30.25, 31.53, 32.74, 34.74, 36.31, 35.99, 34.34, 32.17, 30.06]","[33.7, 32.6, 32.12, 31.82, 31.13, 30.35, 28.8, 29.49, 28.83, 28.45, 28.16, 28.39, 28.58, 27.78, 27.61, 27.56, 28.22, 27.98, 27.97, 27.26, 28.88, 28.73, 28.86, 28.9]",32.05,"OpenAQ 'San Juan Mini Park' (738m), mean of 19 hourly readings 2026-09-30 00:00-2026-10-01 00:00 UTC",2026-10-05T16:22:35.186321+00:00
2026-10-01T00:00:00+00:00,San_Juan,OpenAQ (ground sensor) [fine-tuned] [backfilled hindcast],38,"[23.94, 25.16, 26.18, 27.81, 29.8, 30.04, 28.03, 25.85, 24.27, 23.65, 23.68, 24.05, 25.12, 27.38, 30.11, 31.28, 30.6, 29.1, 27.56, 26.05, 24.25, 22.57, 21.67, 21.38]","[32.11, 30.38, 29.41, 29.22, 29.34, 29.14, 28.31, 27.38, 26.22, 25.85, 26.27, 27.39, 28.92, 29.77, 30.28, 30.19, 30.39, 30.37, 30.5, 31.0, 31.35, 31.6, 32.25, 33.1]","[32.45, 37.49, 40.52, 41.12, 39.28, 36.69, 35.25, 34.01, 32.86, 31.43, 30.64, 30.27, 29.7, 30.11, 30.43, 31.16, 31.97, 31.99, 31.7, 30.97, 29.8, 28.59, 27.9, 27.94]","[34.72, 33.89, 33.51, 32.97, 32.4, 31.33, 30.25, 30.05, 29.48, 29.42, 28.91, 29.29, 29.13, 28.67, 28.04, 28.02, 28.25, 27.56, 27.17, 26.43, 27.55, 27.34, 27.24, 27.35]",25.17,"OpenAQ 'San Juan Mini Park' (738m), mean of 19 hourly readings 2026-10-01 00:00-2026-10-02 00:00 UTC",2026-10-05T16:22:35.204589+00:00
2026-10-03T00:00:00+00:00,San_Juan,OpenAQ (ground sensor) [fine-tuned] [backfilled hindcast],36,"[28.05, 25.35, 22.59, 21.03, 20.77, 20.85, 20.85, 20.84, 20.86, 21.22, 21.07, 19.92, 18.75, 18.91, 20.05, 21.12, 21.97, 22.62, 23.47, 24.55, 24.96, 24.29, 22.8, 21.12]","[34.83, 32.32, 30.13, 28.68, 27.54, 26.75, 25.96, 25.83, 25.86, 26.03, 26.25, 26.53, 26.48, 26.25, 26.43, 26.63, 28.05, 30.06, 32.38, 35.01, 37.3, 37.47, 36.09, 34.53]","[30.45, 30.01, 29.84, 29.79, 29.13, 28.13, 28.0, 28.49, 29.11, 28.95, 28.02, 26.7, 25.25, 24.5, 23.88, 23.67, 24.17, 25.28, 26.89, 27.95, 28.53, 29.07, 29.02, 28.6]","[33.22, 32.33, 31.85, 30.97, 30.7, 30.18, 29.08, 28.88, 28.86, 28.41, 27.68, 28.08, 27.89, 27.82, 27.23, 27.49, 27.76, 27.52, 27.21, 26.84, 27.67, 28.04, 27.75, 27.65]",37.94,"OpenAQ 'San Juan Mini Park' (738m), mean of 18 hourly readings 2026-10-03 00:00-2026-10-04 00:00 UTC",2026-10-05T16:22:35.225779+00:00
2026-10-04T00:00:00+00:00,San_Juan,OpenAQ (ground sensor) [fine-tuned] [backfilled hindcast],35,"[30.65, 30.55, 29.98, 29.43, 28.96, 27.55, 25.95, 24.81, 24.21, 24.81, 26.3, 27.61, 29.1, 31.2, 32.97, 32.56, 30.57, 28.52, 26.65, 25.79, 25.92, 26.51, 26.96, 27.48]","[37.61, 34.6, 31.89, 29.78, 28.96, 29.01, 28.69, 28.13, 27.23, 26.94, 27.27, 28.31, 29.6, 29.98, 30.02, 29.43, 29.23, 28.72, 28.54, 29.06, 29.8, 30.55, 31.2, 31.7]","[36.04, 34.34, 33.02, 32.72, 33.16, 33.56, 33.35, 32.31, 31.39, 30.4, 29.93, 29.53, 28.91, 28.72, 28.23, 27.93, 28.32, 28.98, 29.87, 30.12, 29.49, 28.78, 27.97, 26.98]","[35.89, 35.15, 35.01, 34.69, 34.85, 34.41, 33.25, 33.85, 33.38, 33.66, 33.49, 33.66, 33.77, 33.3, 32.76, 32.84, 33.45, 32.79, 32.99, 31.65, 33.5, 33.63, 32.79, 33.04]",21.79,"OpenAQ 'San Juan Mini Park' (738m), mean of 22 hourly readings 2026-10-04 00:00-2026-10-05 00:00 UTC",2026-10-05T16:22:35.247257+00:00
