logged_at_utc,city,data_source,input_hours_used,variant_a_predicted_24h,variant_b_predicted_24h,variant_c_predicted_24h,variant_d_predicted_24h,actual_pm25,actual_source,actual_logged_at
2026-09-30T00:00:00+00:00,Manila,OpenAQ (ground sensor) [backfilled hindcast],42,"[12.3, 11.66, 11.39, 11.26, 11.21, 11.32, 11.42, 11.4, 11.2, 11.08, 10.74, 10.67, 10.9, 11.66, 12.14, 11.83, 10.81, 9.73, 9.1, 8.96, 8.47, 7.95, 7.95, 8.5]","[22.42, 21.4, 20.09, 18.72, 17.85, 17.3, 17.46, 17.75, 17.23, 16.49, 15.9, 15.11, 14.89, 14.54, 13.74, 13.08, 12.6, 12.03, 12.04, 12.26, 12.2, 12.14, 11.76, 11.41]","[19.76, 18.42, 17.5, 17.02, 17.07, 17.41, 17.42, 17.17, 17.05, 17.23, 17.39, 17.13, 16.67, 15.63, 14.46, 13.78, 13.38, 13.37, 13.6, 13.9, 13.99, 14.11, 14.15, 14.25]","[30.61, 30.45, 29.88, 27.6, 28.53, 27.59, 27.02, 25.53, 23.73, 22.26, 22.13, 21.85, 21.55, 20.78, 21.41, 21.28, 21.16, 20.58, 20.34, 19.59, 20.51, 20.51, 19.2, 19.15]",34.96,"OpenAQ 'Mandaluyong City' (4076m), mean of 24 hourly readings 2026-09-30 00:00-2026-10-01 00:00 UTC",2026-10-07T11:47:20.242411+00:00
2026-10-01T00:00:00+00:00,Manila,OpenAQ (ground sensor) [backfilled hindcast],45,"[11.92, 11.56, 12.4, 13.61, 14.47, 14.39, 13.44, 12.79, 12.62, 12.37, 10.86, 9.51, 8.48, 8.52, 9.56, 10.31, 9.92, 9.09, 8.37, 8.02, 7.69, 7.59, 8.03, 8.92]","[23.15, 20.87, 18.55, 16.83, 15.97, 14.82, 14.37, 14.66, 14.76, 15.18, 16.1, 16.41, 16.87, 16.93, 16.48, 16.11, 15.65, 14.95, 14.46, 13.83, 13.22, 13.01, 12.45, 11.8]","[15.56, 17.06, 18.43, 19.13, 19.11, 18.97, 18.63, 17.38, 16.08, 15.05, 14.23, 13.5, 13.16, 13.26, 13.08, 13.5, 14.13, 14.54, 14.59, 15.0, 15.34, 15.73, 16.49, 17.58]","[23.04, 21.91, 20.06, 18.34, 18.1, 17.66, 17.07, 16.58, 15.74, 15.95, 17.33, 16.45, 16.76, 15.93, 16.56, 16.97, 17.34, 17.17, 18.29, 18.45, 18.94, 18.79, 18.63, 18.68]",32.07,"OpenAQ 'Mandaluyong City' (4076m), mean of 21 hourly readings 2026-10-01 00:00-2026-10-02 00:00 UTC",2026-10-07T11:47:20.270744+00:00
2026-10-02T00:00:00+00:00,Manila,OpenAQ (ground sensor) [backfilled hindcast],45,"[13.78, 13.85, 14.39, 14.73, 14.11, 12.28, 10.16, 9.17, 9.47, 10.37, 11.03, 11.37, 10.53, 9.99, 10.09, 9.96, 9.56, 9.22, 8.6, 8.47, 9.05, 9.9, 10.36, 10.33]","[16.01, 15.99, 16.29, 16.87, 17.65, 17.67, 17.59, 17.52, 17.11, 16.8, 16.56, 16.17, 16.04, 15.26, 13.86, 12.73, 12.06, 11.32, 11.15, 10.85, 9.96, 9.49, 8.99, 8.84]","[12.26, 12.8, 15.48, 18.7, 20.42, 20.13, 18.61, 16.82, 16.0, 15.52, 14.93, 14.31, 13.51, 12.54, 11.44, 10.99, 11.28, 11.7, 11.89, 11.93, 12.2, 12.54, 12.49, 12.68]","[18.29, 17.35, 16.92, 15.15, 14.42, 14.35, 14.5, 13.48, 13.7, 13.29, 14.29, 13.5, 14.42, 13.57, 12.92, 13.51, 13.78, 12.99, 13.92, 14.05, 13.93, 13.74, 13.44, 14.0]",31.9,"OpenAQ 'Mandaluyong City' (4076m), mean of 18 hourly readings 2026-10-02 00:00-2026-10-03 00:00 UTC",2026-10-07T11:47:20.301907+00:00
2026-10-03T00:00:00+00:00,Manila,OpenAQ (ground sensor) [backfilled hindcast],39,"[13.91, 13.58, 13.75, 14.13, 14.7, 15.04, 14.85, 14.67, 14.57, 14.55, 14.2, 13.89, 13.52, 13.73, 13.87, 13.4, 12.29, 11.13, 10.31, 9.95, 9.52, 9.36, 9.63, 10.14]","[17.23, 17.04, 17.23, 17.24, 17.09, 16.16, 15.02, 14.49, 14.03, 14.14, 14.72, 15.17, 15.94, 16.01, 15.11, 13.88, 13.11, 12.49, 12.66, 13.18, 13.29, 13.62, 13.46, 12.68]","[17.48, 16.09, 15.59, 15.55, 15.56, 15.75, 16.13, 16.84, 17.44, 17.78, 17.44, 16.84, 16.24, 15.44, 14.63, 14.29, 14.17, 14.39, 14.78, 15.08, 15.42, 15.66, 15.38, 15.1]","[16.94, 16.52, 15.91, 15.09, 14.37, 14.44, 14.33, 13.65, 13.88, 13.83, 14.52, 13.88, 13.97, 13.48, 13.24, 13.44, 13.8, 13.59, 14.33, 14.77, 14.84, 14.96, 15.03, 15.25]",37.62,"OpenAQ 'Mandaluyong City' (4076m), mean of 20 hourly readings 2026-10-03 00:00-2026-10-04 00:00 UTC",2026-10-07T11:47:20.336871+00:00
2026-10-04T00:00:00+00:00,Manila,OpenAQ (ground sensor) [backfilled hindcast],38,"[13.66, 13.62, 14.29, 14.89, 15.22, 14.85, 13.67, 12.65, 12.21, 11.88, 10.86, 10.27, 9.88, 10.08, 10.42, 10.28, 9.63, 9.26, 9.08, 9.14, 9.12, 9.09, 8.95, 8.85]","[17.92, 18.96, 19.86, 19.9, 19.66, 19.08, 18.83, 18.83, 18.49, 18.28, 18.2, 17.56, 17.32, 16.65, 15.35, 14.18, 13.26, 12.28, 11.98, 11.98, 11.68, 11.79, 11.73, 11.34]","[18.19, 18.06, 17.97, 18.21, 19.23, 20.47, 20.36, 18.64, 17.09, 15.36, 13.93, 13.03, 12.9, 13.02, 12.59, 12.19, 12.08, 12.34, 12.45, 12.77, 12.66, 12.76, 13.45, 14.01]","[28.95, 27.93, 26.96, 23.91, 24.2, 23.54, 22.06, 21.0, 19.65, 17.8, 18.42, 17.5, 18.1, 17.21, 17.75, 18.02, 18.41, 17.61, 17.87, 17.52, 18.49, 18.3, 17.49, 17.35]",25.19,"OpenAQ 'Mandaluyong City' (4076m), mean of 23 hourly readings 2026-10-04 00:00-2026-10-05 00:00 UTC",2026-10-07T11:47:20.369121+00:00
2026-10-05T00:00:00+00:00,Manila,OpenAQ (ground sensor) [backfilled hindcast],43,"[12.79, 11.97, 11.92, 12.08, 12.0, 11.54, 10.81, 10.57, 11.11, 11.97, 12.42, 12.72, 12.26, 11.78, 11.42, 10.93, 10.21, 9.62, 9.26, 9.21, 9.28, 9.3, 8.94, 8.58]","[15.57, 14.98, 14.48, 13.85, 13.23, 12.34, 11.94, 12.09, 12.49, 13.41, 14.45, 15.04, 15.31, 14.78, 13.76, 12.9, 12.38, 12.02, 12.05, 11.98, 11.3, 10.74, 9.89, 9.2]","[13.65, 10.96, 11.73, 14.92, 18.84, 21.05, 19.24, 15.56, 12.95, 13.03, 14.42, 15.38, 15.87, 15.26, 13.97, 12.76, 12.43, 12.39, 12.28, 12.71, 13.14, 13.44, 13.42, 13.52]","[16.86, 16.12, 15.89, 14.95, 14.34, 14.46, 14.74, 14.04, 14.08, 14.04, 14.42, 13.99, 14.33, 13.91, 13.26, 13.25, 13.45, 13.17, 13.72, 13.83, 13.73, 13.72, 13.65, 14.19]",29.71,"OpenAQ 'Mandaluyong City' (4076m), mean of 22 hourly readings 2026-10-05 00:00-2026-10-06 00:00 UTC",2026-10-07T11:47:21.358690+00:00
2026-09-30T00:00:00+00:00,Quezon_City,OpenAQ (ground sensor) [backfilled hindcast],40,"[15.44, 14.5, 14.02, 13.4, 13.04, 12.83, 12.33, 12.06, 12.52, 13.04, 12.87, 12.38, 11.19, 10.47, 10.32, 10.68, 10.81, 10.37, 9.9, 10.47, 11.15, 11.4, 11.19, 11.32]","[27.18, 23.09, 18.93, 16.46, 15.92, 16.05, 17.1, 18.01, 17.96, 17.95, 18.13, 17.77, 17.6, 17.42, 17.09, 17.21, 17.14, 16.58, 16.05, 15.21, 14.56, 14.15, 13.67, 13.38]","[19.91, 17.31, 15.46, 15.11, 16.95, 20.12, 21.48, 20.38, 18.26, 17.4, 17.82, 18.22, 18.61, 18.14, 17.32, 16.89, 16.38, 15.62, 15.0, 15.17, 15.31, 15.3, 14.96, 14.52]","[34.69, 33.96, 32.79, 30.07, 29.9, 28.56, 26.85, 26.02, 23.74, 22.06, 22.69, 21.9, 22.21, 20.97, 21.63, 22.16, 22.42, 21.56, 21.23, 20.69, 21.9, 21.41, 20.17, 20.02]",36.97,"OpenAQ '3S Center Ugong' (4215m), mean of 21 hourly readings 2026-09-30 00:00-2026-10-01 00:00 UTC",2026-10-07T11:47:25.539400+00:00
2026-10-01T00:00:00+00:00,Quezon_City,OpenAQ (ground sensor) [backfilled hindcast],41,"[19.85, 18.32, 18.62, 19.15, 19.38, 18.32, 15.73, 13.57, 12.85, 13.03, 12.85, 12.67, 11.68, 11.15, 11.33, 11.59, 11.51, 11.28, 10.64, 10.32, 10.07, 10.0, 10.13, 10.5]","[16.74, 17.42, 17.58, 17.33, 17.19, 16.27, 15.61, 15.54, 15.03, 14.76, 14.84, 14.43, 14.41, 14.07, 13.24, 12.6, 12.26, 11.56, 11.56, 11.73, 11.25, 11.37, 11.27, 11.14]","[19.31, 18.56, 17.83, 17.13, 16.6, 16.56, 16.41, 15.57, 15.04, 15.11, 15.32, 15.46, 15.6, 15.25, 14.58, 14.16, 13.76, 13.33, 12.59, 12.11, 12.04, 12.73, 14.13, 15.85]","[24.73, 22.77, 20.87, 18.18, 17.87, 17.1, 15.89, 14.71, 14.0, 12.94, 13.33, 12.67, 13.52, 12.59, 13.73, 13.8, 14.27, 13.55, 14.16, 14.5, 14.9, 14.56, 14.46, 13.88]",25.59,"OpenAQ '3S Center Ugong' (4215m), mean of 20 hourly readings 2026-10-01 00:00-2026-10-02 00:00 UTC",2026-10-07T11:47:25.581191+00:00
2026-10-03T00:00:00+00:00,Quezon_City,OpenAQ (ground sensor) [backfilled hindcast],36,"[16.54, 15.7, 15.28, 14.76, 14.32, 14.05, 13.91, 13.84, 13.94, 13.91, 13.47, 12.99, 12.25, 11.79, 11.06, 10.17, 9.55, 9.56, 9.8, 9.93, 9.61, 9.53, 10.31, 11.64]","[14.84, 13.93, 13.14, 12.56, 12.4, 12.46, 12.98, 13.63, 13.84, 14.0, 14.32, 14.44, 14.68, 14.68, 13.88, 12.76, 11.76, 10.73, 10.62, 11.13, 11.44, 11.85, 11.48, 10.89]","[19.21, 17.8, 17.25, 17.26, 17.66, 18.52, 19.34, 19.85, 19.8, 19.66, 19.07, 17.84, 16.85, 15.68, 14.53, 13.82, 13.48, 13.42, 13.53, 13.49, 13.4, 13.33, 12.73, 12.23]","[22.61, 21.03, 19.66, 17.06, 16.7, 16.12, 15.43, 14.31, 14.09, 13.37, 14.0, 13.45, 13.9, 13.14, 13.82, 14.19, 14.63, 14.06, 14.84, 15.37, 15.47, 15.52, 15.32, 15.08]",42.72,"OpenAQ '3S Center Ugong' (4215m), mean of 20 hourly readings 2026-10-03 00:00-2026-10-04 00:00 UTC",2026-10-07T11:47:25.620487+00:00
2026-10-04T00:00:00+00:00,Quezon_City,OpenAQ (ground sensor) [backfilled hindcast],36,"[18.25, 18.37, 18.88, 18.22, 17.24, 16.25, 14.91, 13.85, 13.84, 14.07, 13.97, 14.15, 14.46, 15.01, 15.01, 14.33, 13.17, 12.16, 11.58, 12.03, 12.42, 12.86, 13.67, 15.32]","[21.98, 21.46, 21.0, 20.57, 19.7, 18.11, 17.37, 17.19, 16.72, 16.4, 16.56, 16.26, 16.32, 15.95, 14.94, 14.02, 13.29, 12.51, 12.32, 12.4, 12.1, 11.87, 11.38, 11.09]","[28.0, 25.28, 22.36, 20.37, 19.25, 18.97, 18.9, 18.97, 19.35, 20.08, 20.89, 21.88, 22.54, 22.82, 22.72, 22.71, 22.26, 21.35, 19.94, 18.21, 16.74, 15.28, 14.81, 15.24]","[32.77, 31.67, 30.05, 26.94, 27.13, 26.0, 24.43, 23.97, 21.97, 20.74, 21.91, 20.9, 21.45, 20.32, 21.4, 22.09, 22.54, 21.95, 22.24, 21.92, 23.25, 22.87, 21.76, 21.63]",28.09,"OpenAQ '3S Center Ugong' (4215m), mean of 21 hourly readings 2026-10-04 00:00-2026-10-05 00:00 UTC",2026-10-07T11:47:25.651909+00:00
2026-10-05T00:00:00+00:00,Quezon_City,OpenAQ (ground sensor) [backfilled hindcast],41,"[23.46, 22.16, 20.36, 18.91, 18.4, 17.5, 16.01, 14.6, 14.1, 14.36, 14.44, 14.28, 13.35, 12.72, 12.2, 11.47, 10.2, 8.88, 8.18, 8.46, 8.89, 9.15, 9.48, 10.44]","[19.67, 18.76, 17.77, 16.87, 16.41, 15.74, 15.15, 15.08, 14.69, 14.75, 15.32, 15.31, 15.57, 15.44, 14.8, 14.3, 14.1, 13.44, 13.25, 13.49, 13.65, 14.11, 13.96, 13.61]","[16.18, 14.16, 13.07, 13.33, 15.68, 19.28, 21.12, 20.01, 17.35, 15.59, 14.99, 14.44, 14.12, 13.43, 12.6, 12.38, 12.33, 12.43, 12.93, 14.26, 15.61, 16.64, 16.7, 16.38]","[19.54, 18.61, 17.25, 16.08, 15.9, 15.45, 15.4, 14.77, 14.53, 14.49, 15.59, 14.91, 15.19, 14.53, 14.25, 14.6, 15.03, 14.81, 15.37, 15.42, 16.0, 15.82, 15.46, 15.73]",28.02,"OpenAQ '3S Center Ugong' (4215m), mean of 18 hourly readings 2026-10-05 00:00-2026-10-06 00:00 UTC",2026-10-07T11:47:25.683193+00:00
2026-09-30T00:00:00+00:00,Caloocan,OpenAQ (ground sensor) [backfilled hindcast],40,"[18.1, 17.69, 17.42, 15.9, 14.68, 13.94, 13.04, 12.5, 13.16, 13.76, 13.52, 13.3, 12.42, 11.89, 11.69, 11.71, 11.65, 11.56, 11.23, 11.48, 11.98, 12.56, 12.53, 12.36]","[19.04, 18.86, 18.6, 17.92, 17.42, 16.52, 15.67, 15.5, 15.08, 14.95, 15.49, 15.5, 15.58, 15.22, 14.13, 13.21, 12.94, 12.66, 13.28, 14.03, 13.93, 13.53, 12.55, 11.75]","[19.35, 18.52, 17.68, 16.92, 16.65, 17.17, 17.85, 17.99, 17.81, 17.42, 17.13, 16.97, 16.98, 16.74, 15.99, 15.26, 14.51, 14.08, 13.87, 13.93, 14.06, 14.27, 14.19, 14.08]","[29.73, 26.75, 24.5, 20.03, 20.13, 18.95, 17.47, 16.33, 15.18, 14.18, 15.03, 13.95, 14.96, 13.93, 15.33, 15.76, 16.46, 15.34, 16.34, 16.87, 17.16, 16.76, 16.86, 16.16]",55.04,"OpenAQ 'Malabon Action Center' (1269m), mean of 19 hourly readings 2026-09-30 00:00-2026-10-01 00:00 UTC",2026-10-07T11:47:27.923242+00:00
2026-10-03T00:00:00+00:00,Caloocan,OpenAQ (ground sensor) [backfilled hindcast],33,"[19.24, 17.9, 18.42, 18.05, 16.48, 14.98, 14.01, 13.83, 14.51, 14.55, 13.63, 13.24, 12.85, 13.0, 13.73, 14.33, 14.09, 13.57, 13.21, 13.31, 13.19, 13.3, 13.47, 13.59]","[25.45, 21.71, 18.72, 16.71, 15.52, 14.32, 14.19, 15.11, 15.78, 16.37, 17.11, 17.18, 17.16, 16.81, 16.06, 15.49, 15.48, 15.76, 16.29, 16.75, 16.89, 16.17, 15.2, 14.45]","[23.33, 20.96, 19.21, 18.29, 17.96, 17.96, 17.37, 16.41, 15.59, 15.48, 15.76, 15.93, 16.25, 15.94, 15.46, 15.24, 14.83, 14.4, 14.13, 14.06, 13.96, 13.82, 13.57, 13.39]","[35.15, 32.02, 29.39, 24.48, 23.96, 22.58, 20.62, 20.83, 17.83, 17.86, 20.46, 18.87, 20.1, 18.04, 20.66, 21.9, 22.49, 21.09, 22.97, 23.98, 23.27, 22.75, 23.31, 22.56]",59.01,"OpenAQ 'Malabon Action Center' (1269m), mean of 21 hourly readings 2026-10-03 00:00-2026-10-04 00:00 UTC",2026-10-07T11:47:27.955155+00:00
2026-10-04T00:00:00+00:00,Caloocan,OpenAQ (ground sensor) [backfilled hindcast],37,"[18.65, 18.18, 18.32, 16.92, 14.94, 13.46, 12.18, 11.47, 12.02, 12.93, 13.59, 14.5, 14.44, 13.99, 13.34, 12.53, 11.84, 12.02, 13.08, 14.73, 15.96, 16.54, 16.0, 15.29]","[29.68, 24.91, 20.44, 17.04, 14.91, 13.28, 12.37, 12.91, 13.4, 13.72, 14.0, 13.92, 13.7, 13.22, 12.33, 11.61, 11.83, 11.79, 12.54, 13.17, 13.22, 13.22, 12.65, 12.35]","[20.82, 20.12, 19.56, 19.05, 18.72, 18.95, 19.31, 19.3, 19.02, 18.68, 18.12, 17.58, 17.36, 16.9, 16.16, 16.09, 16.07, 16.14, 16.27, 16.57, 16.87, 17.55, 18.25, 18.91]","[46.26, 41.79, 38.17, 30.11, 30.23, 28.13, 24.98, 23.67, 19.86, 18.09, 19.19, 17.25, 18.35, 16.48, 19.96, 21.7, 21.76, 20.31, 21.27, 22.84, 22.93, 22.96, 23.02, 21.34]",34.78,"OpenAQ 'Malabon Action Center' (1269m), mean of 22 hourly readings 2026-10-04 00:00-2026-10-05 00:00 UTC",2026-10-07T11:47:27.987045+00:00
2026-10-05T00:00:00+00:00,Caloocan,OpenAQ (ground sensor) [backfilled hindcast],43,"[21.25, 19.26, 17.83, 15.58, 13.38, 12.12, 11.19, 10.51, 10.78, 11.28, 11.33, 11.55, 10.65, 9.81, 9.24, 8.69, 8.19, 8.53, 9.35, 10.12, 10.74, 10.9, 10.37, 9.69]","[15.46, 15.45, 15.29, 14.12, 13.05, 12.14, 11.56, 12.19, 12.7, 13.1, 13.71, 13.72, 13.54, 13.26, 12.75, 12.59, 13.33, 13.87, 14.95, 16.36, 17.12, 16.79, 15.22, 13.76]","[17.33, 15.92, 15.61, 16.57, 18.67, 20.6, 20.22, 17.88, 15.67, 14.65, 14.59, 14.63, 15.15, 15.42, 14.91, 14.56, 14.48, 14.44, 14.08, 14.7, 15.46, 16.29, 17.42, 18.89]","[22.16, 20.36, 19.92, 16.55, 17.04, 16.64, 17.93, 15.99, 15.09, 15.43, 15.77, 15.61, 16.51, 15.75, 15.08, 15.36, 16.15, 14.92, 16.32, 16.25, 15.83, 16.11, 15.97, 16.53]",37.76,"OpenAQ 'Malabon Action Center' (1269m), mean of 18 hourly readings 2026-10-05 00:00-2026-10-06 00:00 UTC",2026-10-07T11:47:28.023248+00:00
2026-09-30T00:00:00+00:00,Valenzuela,OpenAQ (ground sensor) [backfilled hindcast],35,"[15.92, 15.25, 15.11, 14.65, 14.25, 13.91, 13.25, 12.82, 13.08, 13.63, 13.86, 13.66, 12.61, 11.75, 11.48, 11.8, 12.26, 12.42, 12.54, 13.29, 13.66, 13.49, 12.82, 12.25]","[22.74, 20.51, 18.17, 16.27, 15.35, 14.47, 14.31, 14.89, 14.73, 15.03, 15.64, 15.49, 15.51, 15.32, 14.75, 14.78, 15.14, 14.6, 14.44, 14.02, 13.1, 12.74, 11.87, 11.11]","[20.01, 16.55, 14.39, 13.89, 16.15, 20.54, 23.27, 23.14, 21.27, 20.06, 19.33, 18.34, 17.94, 17.11, 15.94, 15.23, 14.55, 14.13, 14.31, 15.43, 16.4, 17.01, 16.99, 16.97]","[20.96, 19.84, 18.58, 16.59, 16.15, 15.48, 14.8, 13.6, 13.7, 12.54, 13.38, 12.76, 13.45, 12.64, 12.7, 13.29, 13.7, 13.17, 13.46, 13.7, 13.81, 13.62, 13.2, 13.05]",39.02,"OpenAQ '3S Center Paso De Blas' (1711m), mean of 23 hourly readings 2026-09-30 00:00-2026-10-01 00:00 UTC",2026-10-07T11:47:32.834520+00:00
2026-10-01T00:00:00+00:00,Valenzuela,OpenAQ (ground sensor) [backfilled hindcast],41,"[18.15, 16.13, 15.94, 16.24, 16.56, 16.3, 14.85, 13.6, 13.39, 13.53, 12.97, 12.44, 11.34, 10.64, 10.66, 11.07, 11.41, 11.71, 11.59, 11.34, 10.93, 10.7, 10.57, 10.31]","[17.3, 17.32, 17.13, 16.88, 16.99, 16.4, 16.22, 16.51, 15.97, 15.59, 15.72, 15.58, 16.0, 15.92, 15.09, 14.49, 13.92, 12.55, 11.96, 11.67, 11.1, 11.21, 11.09, 10.93]","[17.86, 18.25, 18.94, 19.61, 19.62, 19.44, 19.48, 18.85, 18.35, 18.19, 17.85, 17.21, 16.72, 15.89, 14.83, 14.44, 14.1, 13.69, 13.11, 12.84, 13.05, 13.72, 14.35, 15.4]","[27.32, 25.87, 24.21, 21.15, 21.46, 20.52, 19.22, 18.37, 17.03, 15.56, 16.4, 15.3, 16.36, 14.94, 16.34, 16.62, 16.95, 16.3, 16.99, 17.11, 18.15, 18.02, 17.23, 16.81]",24.38,"OpenAQ '3S Center Paso De Blas' (1711m), mean of 19 hourly readings 2026-10-01 00:00-2026-10-02 00:00 UTC",2026-10-07T11:47:32.861399+00:00
2026-10-03T00:00:00+00:00,Valenzuela,OpenAQ (ground sensor) [backfilled hindcast],35,"[19.6, 17.49, 16.16, 15.1, 14.43, 14.1, 14.24, 14.67, 15.09, 14.99, 14.42, 13.88, 13.27, 13.27, 13.15, 12.83, 12.49, 12.15, 12.02, 11.85, 10.9, 9.98, 9.66, 9.66]","[26.55, 22.8, 19.57, 17.93, 17.78, 17.24, 17.02, 16.81, 16.17, 15.74, 15.66, 15.92, 16.49, 16.94, 16.98, 17.11, 17.29, 17.44, 17.68, 16.96, 15.81, 14.02, 12.67, 11.54]","[22.67, 21.28, 20.45, 20.67, 21.63, 22.92, 23.42, 22.97, 21.93, 20.86, 20.0, 19.28, 18.99, 18.44, 17.82, 17.8, 17.96, 17.97, 18.03, 17.55, 16.38, 15.08, 13.62, 12.41]","[34.73, 33.44, 32.15, 28.81, 28.09, 27.13, 25.16, 23.84, 22.01, 20.12, 20.17, 19.47, 19.81, 18.99, 19.59, 20.21, 20.28, 19.34, 19.37, 19.36, 20.13, 20.06, 19.32, 18.94]",45.68,"OpenAQ '3S Center Paso De Blas' (1711m), mean of 18 hourly readings 2026-10-03 00:00-2026-10-04 00:00 UTC",2026-10-07T11:47:32.894740+00:00
2026-10-04T00:00:00+00:00,Valenzuela,OpenAQ (ground sensor) [backfilled hindcast],34,"[16.44, 16.09, 16.31, 15.69, 15.41, 15.57, 15.15, 14.61, 14.53, 14.33, 14.0, 14.32, 14.41, 14.4, 14.16, 13.9, 13.57, 13.49, 13.96, 15.07, 15.54, 15.54, 14.83, 14.14]","[28.3, 26.63, 24.42, 22.24, 21.12, 19.27, 17.01, 15.72, 15.21, 15.57, 16.5, 16.92, 17.21, 16.73, 15.51, 14.21, 13.26, 13.06, 13.91, 14.95, 15.53, 15.38, 14.64, 13.28]","[30.0, 25.95, 22.27, 20.35, 20.07, 20.48, 20.18, 18.66, 17.51, 16.99, 17.42, 18.35, 19.31, 20.19, 20.32, 20.26, 19.76, 18.77, 17.26, 16.16, 15.85, 15.88, 16.54, 17.55]","[45.44, 42.59, 40.03, 33.52, 32.6, 31.01, 27.79, 25.65, 22.39, 19.74, 19.27, 18.48, 19.11, 18.24, 19.68, 21.19, 21.45, 19.66, 19.7, 20.61, 21.61, 21.66, 21.13, 19.91]",28.48,"OpenAQ '3S Center Paso De Blas' (1711m), mean of 22 hourly readings 2026-10-04 00:00-2026-10-05 00:00 UTC",2026-10-07T11:47:32.940076+00:00
2026-10-05T00:00:00+00:00,Valenzuela,OpenAQ (ground sensor) [backfilled hindcast],40,"[16.42, 14.55, 13.1, 12.16, 11.83, 11.78, 11.22, 10.64, 10.75, 11.41, 11.87, 12.11, 11.46, 10.65, 10.19, 10.28, 10.58, 11.02, 11.52, 12.02, 12.32, 12.38, 11.88, 11.19]","[18.04, 16.89, 15.65, 14.19, 13.39, 12.7, 12.13, 12.47, 12.77, 13.38, 14.46, 15.09, 15.61, 15.54, 15.12, 14.91, 15.08, 15.12, 15.45, 15.87, 15.86, 15.53, 14.77, 14.16]","[14.09, 13.54, 13.58, 14.15, 15.35, 16.85, 17.89, 17.92, 17.38, 17.17, 17.06, 16.7, 16.35, 15.73, 14.73, 14.53, 14.56, 14.94, 15.6, 16.73, 17.91, 19.32, 20.22, 20.86]","[18.27, 17.45, 17.08, 15.68, 15.43, 15.31, 16.06, 15.02, 14.67, 14.51, 15.26, 14.74, 15.23, 14.8, 13.87, 14.06, 14.28, 13.71, 14.27, 14.12, 14.1, 14.04, 13.99, 14.45]",27.96,"OpenAQ '3S Center Paso De Blas' (1711m), mean of 18 hourly readings 2026-10-05 00:00-2026-10-06 00:00 UTC",2026-10-07T11:47:32.969015+00:00
2026-09-30T00:00:00+00:00,Pasig,OpenAQ (ground sensor) [backfilled hindcast],41,"[15.95, 14.33, 13.9, 14.04, 14.08, 13.8, 13.27, 12.87, 12.97, 13.52, 13.44, 12.65, 11.02, 10.23, 10.17, 10.44, 10.43, 9.85, 9.08, 9.12, 9.28, 9.01, 8.29, 7.72]","[23.4, 21.2, 18.56, 16.05, 14.65, 14.23, 15.1, 16.2, 16.77, 16.65, 16.25, 15.41, 14.62, 13.83, 13.06, 12.78, 12.59, 12.13, 11.94, 11.88, 11.87, 11.84, 11.3, 11.01]","[19.27, 18.17, 18.47, 19.76, 21.3, 22.57, 22.5, 21.22, 20.02, 19.5, 19.31, 19.03, 18.87, 18.36, 17.34, 16.48, 15.96, 15.47, 14.94, 14.53, 14.25, 14.24, 14.01, 13.76]","[26.89, 26.05, 24.59, 22.85, 22.57, 21.85, 20.52, 20.81, 19.43, 18.53, 19.73, 18.71, 19.49, 18.19, 19.14, 19.43, 20.04, 19.83, 20.18, 19.7, 20.81, 20.39, 19.63, 19.63]",36.9,"OpenAQ 'Along Shaw Blvd.' (3065m), mean of 24 hourly readings 2026-09-30 00:00-2026-10-01 00:00 UTC",2026-10-07T11:47:37.630085+00:00
2026-10-01T00:00:00+00:00,Pasig,OpenAQ (ground sensor) [backfilled hindcast],45,"[12.22, 11.77, 12.95, 14.98, 16.79, 17.19, 16.04, 15.15, 15.06, 15.03, 13.68, 12.13, 10.55, 10.06, 10.53, 10.79, 10.08, 9.15, 8.54, 8.66, 8.94, 9.27, 9.82, 10.58]","[16.75, 16.34, 16.34, 16.67, 17.56, 17.69, 17.1, 16.51, 15.53, 14.86, 14.81, 14.79, 15.17, 15.31, 15.22, 15.34, 15.35, 14.82, 14.41, 14.19, 13.96, 13.79, 13.51, 13.51]","[16.37, 17.84, 20.04, 21.88, 22.37, 21.72, 20.51, 19.07, 18.38, 18.18, 17.82, 17.17, 16.63, 16.35, 15.77, 15.45, 15.39, 15.2, 14.71, 14.4, 14.38, 14.51, 14.61, 15.13]","[31.06, 29.84, 28.59, 25.31, 25.61, 24.64, 23.31, 22.16, 20.57, 18.94, 19.42, 18.7, 19.17, 18.09, 19.13, 19.74, 20.02, 19.28, 19.53, 19.36, 20.53, 20.45, 19.38, 19.08]",31.22,"OpenAQ 'Along Shaw Blvd.' (3065m), mean of 18 hourly readings 2026-10-01 00:00-2026-10-02 00:00 UTC",2026-10-07T11:47:37.715268+00:00
2026-10-03T00:00:00+00:00,Pasig,OpenAQ (ground sensor) [backfilled hindcast],34,"[18.0, 17.46, 17.68, 17.95, 18.21, 18.04, 16.99, 15.49, 14.16, 13.43, 12.68, 12.31, 11.65, 11.33, 11.0, 10.73, 10.36, 10.3, 10.4, 10.4, 9.8, 9.08, 8.62, 8.68]","[23.22, 19.74, 17.0, 16.18, 16.22, 15.79, 15.81, 16.04, 15.79, 15.67, 15.92, 16.15, 16.75, 17.18, 17.16, 17.01, 16.59, 15.71, 14.79, 13.69, 13.15, 13.18, 13.2, 13.21]","[19.53, 18.04, 17.03, 16.43, 16.37, 17.07, 17.82, 18.4, 18.89, 19.48, 19.56, 18.82, 17.71, 16.17, 14.61, 13.54, 12.71, 12.42, 12.63, 12.96, 13.38, 13.99, 14.33, 14.75]","[21.8, 22.46, 21.1, 20.81, 20.57, 19.77, 19.55, 19.95, 18.93, 19.33, 21.22, 20.28, 20.49, 19.23, 20.21, 20.41, 21.22, 20.76, 21.26, 20.78, 21.43, 21.12, 20.52, 20.29]",37.15,"OpenAQ 'Along Shaw Blvd.' (3065m), mean of 21 hourly readings 2026-10-03 00:00-2026-10-04 00:00 UTC",2026-10-07T11:47:37.775884+00:00
2026-10-04T00:00:00+00:00,Pasig,OpenAQ (ground sensor) [backfilled hindcast],37,"[12.89, 13.19, 14.67, 16.54, 18.05, 18.06, 16.32, 14.74, 14.07, 13.71, 12.25, 10.82, 9.71, 9.87, 10.54, 10.45, 9.43, 8.74, 8.48, 8.62, 8.53, 8.29, 8.16, 8.41]","[22.82, 21.7, 20.77, 19.99, 19.67, 19.78, 20.8, 21.78, 21.84, 21.05, 20.14, 19.04, 18.43, 17.88, 17.44, 17.54, 17.58, 17.42, 17.11, 16.53, 16.06, 15.38, 14.75, 14.11]","[24.86, 21.79, 18.43, 15.85, 15.03, 16.05, 17.31, 17.42, 16.8, 15.86, 15.26, 15.16, 15.46, 15.63, 15.53, 15.46, 15.05, 14.48, 13.64, 12.59, 11.58, 10.98, 10.86, 10.61]","[32.74, 32.57, 31.95, 29.75, 29.86, 28.65, 27.33, 26.42, 24.27, 22.44, 22.94, 22.39, 22.25, 21.21, 21.56, 21.42, 21.8, 21.0, 20.59, 19.51, 20.79, 20.27, 19.04, 19.1]",24.75,"OpenAQ 'Along Shaw Blvd.' (3065m), mean of 22 hourly readings 2026-10-04 00:00-2026-10-05 00:00 UTC",2026-10-07T11:47:37.827240+00:00
2026-10-05T00:00:00+00:00,Pasig,OpenAQ (ground sensor) [backfilled hindcast],43,"[15.13, 14.17, 14.1, 14.16, 14.14, 13.61, 12.66, 12.0, 11.92, 12.03, 11.7, 11.66, 11.28, 10.95, 10.29, 9.19, 7.95, 7.34, 7.34, 7.51, 7.47, 7.22, 6.85, 6.49]","[17.47, 18.3, 18.47, 17.53, 16.38, 15.04, 13.85, 13.3, 12.94, 12.98, 13.25, 12.98, 12.64, 12.07, 11.33, 10.86, 10.83, 10.88, 11.33, 11.96, 11.98, 11.89, 11.34, 10.72]","[14.0, 13.55, 13.72, 14.11, 14.48, 14.59, 14.55, 14.56, 14.68, 14.62, 13.92, 12.81, 11.87, 11.16, 10.79, 10.81, 10.84, 11.08, 11.2, 11.38, 11.81, 12.48, 13.05, 13.74]","[20.27, 19.41, 17.8, 16.98, 16.36, 15.92, 15.32, 15.54, 15.05, 14.93, 16.06, 15.54, 15.62, 14.82, 15.18, 15.24, 15.89, 15.81, 16.34, 16.33, 17.05, 16.81, 16.42, 16.58]",28.82,"OpenAQ 'Along Shaw Blvd.' (3065m), mean of 22 hourly readings 2026-10-05 00:00-2026-10-06 00:00 UTC",2026-10-07T11:47:37.873691+00:00
2026-09-30T00:00:00+00:00,Makati,OpenAQ (ground sensor) [backfilled hindcast],39,"[11.79, 11.22, 11.0, 10.77, 10.75, 10.93, 11.25, 11.61, 11.91, 12.23, 12.23, 12.07, 11.76, 11.93, 12.25, 12.58, 12.27, 11.09, 9.79, 9.24, 8.69, 8.32, 8.02, 7.97]","[18.41, 18.32, 18.5, 18.73, 19.3, 19.36, 19.05, 18.57, 17.66, 16.42, 15.49, 14.84, 14.64, 14.27, 13.64, 13.18, 13.09, 13.29, 13.65, 13.99, 14.09, 13.62, 12.85, 12.3]","[23.62, 21.87, 20.96, 20.51, 20.25, 20.55, 20.84, 20.79, 20.47, 20.22, 19.79, 19.0, 18.24, 17.14, 15.99, 15.28, 14.86, 14.7, 14.71, 14.59, 14.49, 14.46, 14.05, 13.66]","[28.27, 28.77, 28.18, 27.33, 28.03, 26.76, 26.08, 25.59, 24.11, 23.25, 24.19, 23.6, 22.98, 22.2, 22.32, 22.51, 22.21, 21.88, 21.24, 20.19, 21.19, 20.72, 19.61, 19.58]",31.52,"OpenAQ 'Makati Avenue  - Antonio Arnaiz Avenue Intersection' (502m), mean of 23 hourly readings 2026-09-30 00:00-2026-10-01 00:00 UTC",2026-10-07T11:47:41.345558+00:00
2026-10-01T00:00:00+00:00,Makati,OpenAQ (ground sensor) [backfilled hindcast],43,"[11.91, 11.6, 12.24, 13.31, 14.06, 13.8, 12.82, 12.33, 12.31, 12.24, 11.18, 10.15, 9.3, 9.34, 9.8, 9.77, 9.13, 8.62, 8.42, 8.36, 7.87, 7.22, 6.78, 6.81]","[19.05, 19.25, 19.99, 20.79, 21.32, 20.52, 19.43, 18.96, 18.53, 18.19, 18.34, 18.46, 18.79, 18.25, 17.04, 15.75, 15.0, 14.93, 15.22, 15.32, 14.9, 14.22, 13.62, 13.01]","[19.55, 18.78, 17.87, 17.42, 18.02, 18.96, 18.5, 17.16, 16.2, 16.47, 17.14, 17.41, 17.55, 17.63, 17.4, 17.16, 17.01, 16.8, 16.24, 15.89, 15.67, 15.44, 15.34, 15.35]","[35.34, 34.99, 33.28, 31.74, 32.54, 30.89, 29.23, 29.23, 26.44, 25.9, 27.18, 26.35, 26.18, 25.4, 26.64, 27.63, 27.53, 27.71, 26.65, 25.68, 27.94, 27.11, 25.68, 25.49]",27.98,"OpenAQ 'Makati Avenue  - Antonio Arnaiz Avenue Intersection' (502m), mean of 19 hourly readings 2026-10-01 00:00-2026-10-02 00:00 UTC",2026-10-07T11:47:41.437346+00:00
2026-10-03T00:00:00+00:00,Makati,OpenAQ (ground sensor) [backfilled hindcast],35,"[17.32, 17.34, 18.28, 18.71, 18.25, 17.06, 15.24, 13.71, 13.2, 12.86, 11.67, 10.75, 10.24, 10.47, 11.53, 12.39, 11.93, 10.91, 10.51, 11.09, 11.74, 12.34, 12.82, 13.05]","[19.3, 17.16, 14.84, 13.38, 12.65, 12.22, 12.67, 13.41, 13.56, 13.83, 13.98, 13.62, 13.69, 13.7, 13.42, 13.52, 13.7, 12.96, 12.19, 11.06, 9.87, 9.7, 9.77, 10.21]","[21.39, 20.92, 20.12, 18.91, 17.74, 17.12, 16.62, 15.81, 15.12, 14.65, 14.5, 14.23, 13.93, 13.43, 12.96, 12.86, 12.69, 12.66, 12.6, 12.86, 13.35, 14.12, 15.07, 16.05]","[36.31, 35.69, 33.78, 31.33, 32.24, 30.59, 29.43, 28.39, 25.63, 25.8, 27.6, 25.82, 26.14, 25.05, 27.13, 28.14, 28.0, 27.15, 27.77, 27.25, 28.21, 27.08, 26.33, 25.79]",36.28,"OpenAQ 'Makati Avenue  - Antonio Arnaiz Avenue Intersection' (502m), mean of 20 hourly readings 2026-10-03 00:00-2026-10-04 00:00 UTC",2026-10-07T11:47:41.503081+00:00
2026-10-04T00:00:00+00:00,Makati,OpenAQ (ground sensor) [backfilled hindcast],36,"[15.94, 16.78, 17.32, 16.64, 15.76, 14.63, 13.22, 12.22, 12.53, 13.38, 13.63, 13.01, 11.3, 10.17, 10.08, 10.56, 10.63, 9.92, 8.68, 8.35, 8.67, 9.21, 9.45, 9.63]","[29.5, 27.47, 24.9, 22.35, 20.11, 18.4, 18.51, 19.48, 19.97, 20.17, 20.4, 19.87, 19.26, 18.34, 17.31, 16.81, 16.16, 15.14, 14.51, 13.82, 13.28, 13.34, 13.44, 13.32]","[22.25, 21.63, 20.76, 18.92, 16.57, 15.6, 16.26, 17.36, 18.0, 16.9, 14.43, 12.89, 12.49, 12.31, 12.03, 12.3, 12.67, 13.07, 12.99, 12.81, 12.69, 12.63, 12.72, 12.73]","[25.86, 25.08, 23.46, 21.23, 21.21, 20.37, 19.34, 18.78, 17.59, 17.04, 18.4, 17.34, 18.03, 16.88, 18.03, 18.32, 19.01, 18.21, 19.04, 18.97, 19.64, 19.21, 18.62, 18.16]",19.04,"OpenAQ 'Makati Avenue  - Antonio Arnaiz Avenue Intersection' (502m), mean of 22 hourly readings 2026-10-04 00:00-2026-10-05 00:00 UTC",2026-10-07T11:47:41.567687+00:00
2026-10-05T00:00:00+00:00,Makati,OpenAQ (ground sensor) [backfilled hindcast],42,"[13.68, 14.12, 14.46, 14.19, 13.93, 13.62, 12.86, 11.95, 11.42, 11.27, 11.26, 11.62, 11.4, 11.04, 10.69, 10.38, 10.02, 10.0, 10.49, 11.17, 11.54, 11.31, 10.46, 9.71]","[12.57, 11.53, 10.74, 10.16, 9.64, 9.2, 9.07, 9.52, 9.89, 10.65, 11.77, 12.45, 12.88, 12.99, 12.68, 12.31, 12.18, 11.91, 11.91, 12.12, 12.27, 12.66, 12.58, 12.36]","[12.74, 12.77, 13.45, 14.28, 14.92, 15.2, 15.21, 14.61, 14.07, 13.45, 12.53, 11.64, 10.73, 9.86, 9.02, 8.77, 8.78, 9.29, 9.88, 10.7, 12.17, 13.88, 14.9, 15.63]","[17.54, 16.75, 15.84, 15.17, 14.61, 14.32, 14.65, 14.04, 14.11, 14.07, 14.93, 14.62, 14.54, 14.27, 13.73, 13.9, 14.17, 13.94, 14.14, 14.18, 14.19, 13.99, 14.12, 14.22]",24.29,"OpenAQ 'Makati Avenue  - Antonio Arnaiz Avenue Intersection' (502m), mean of 18 hourly readings 2026-10-05 00:00-2026-10-06 00:00 UTC",2026-10-07T11:47:41.619676+00:00
2026-09-30T00:00:00+00:00,Mandaluyong,OpenAQ (ground sensor) [backfilled hindcast],38,"[12.88, 12.12, 11.7, 11.43, 11.26, 11.14, 11.09, 11.32, 11.88, 12.48, 12.57, 12.16, 11.52, 11.45, 11.7, 12.17, 12.3, 11.75, 11.07, 10.97, 10.75, 10.4, 9.97, 9.68]","[17.91, 17.37, 16.63, 16.08, 16.04, 15.56, 15.03, 14.66, 14.36, 14.08, 13.83, 13.54, 13.46, 13.08, 12.47, 12.08, 11.89, 11.92, 12.2, 12.33, 12.02, 11.41, 10.44, 9.74]","[20.16, 19.29, 19.24, 19.53, 19.58, 19.77, 19.99, 19.97, 19.78, 19.76, 19.42, 18.87, 18.72, 18.57, 18.26, 18.25, 18.05, 17.56, 17.1, 16.63, 16.05, 15.41, 14.68, 14.27]","[27.34, 27.26, 26.48, 25.37, 25.23, 24.28, 23.14, 22.84, 21.45, 20.33, 21.01, 20.43, 20.25, 19.27, 19.34, 19.57, 19.58, 19.09, 18.77, 18.12, 18.82, 18.43, 17.78, 17.78]",28.28,"OpenAQ 'J.P. Rizal Avenue corner Camia' (1371m), mean of 19 hourly readings 2026-09-30 00:00-2026-10-01 00:00 UTC",2026-10-07T11:47:45.700317+00:00
2026-10-01T00:00:00+00:00,Mandaluyong,OpenAQ (ground sensor) [backfilled hindcast],40,"[13.06, 12.49, 12.74, 13.65, 14.69, 14.71, 13.58, 12.9, 12.9, 13.21, 12.84, 12.15, 11.08, 10.7, 11.04, 11.13, 10.55, 9.63, 8.68, 8.22, 7.97, 7.87, 8.08, 8.51]","[19.63, 17.69, 15.92, 15.4, 16.02, 16.54, 17.41, 17.75, 17.11, 15.79, 14.67, 14.27, 14.61, 14.86, 14.81, 14.62, 13.88, 12.75, 11.96, 11.25, 10.85, 10.67, 10.4, 10.18]","[22.48, 22.13, 21.05, 19.81, 18.72, 18.33, 18.21, 17.81, 17.42, 17.02, 16.67, 16.5, 16.47, 16.73, 16.83, 16.99, 17.17, 17.15, 16.52, 15.46, 14.42, 13.34, 12.81, 12.75]","[24.79, 24.23, 22.99, 21.83, 21.56, 20.8, 19.6, 19.47, 18.58, 17.57, 18.42, 17.89, 17.99, 16.93, 17.44, 17.7, 18.21, 17.9, 17.73, 17.44, 18.4, 18.26, 17.42, 17.51]",28.91,"OpenAQ 'J.P. Rizal Avenue corner Camia' (1371m), mean of 19 hourly readings 2026-10-01 00:00-2026-10-02 00:00 UTC",2026-10-07T11:47:45.782696+00:00
2026-10-03T00:00:00+00:00,Mandaluyong,OpenAQ (ground sensor) [backfilled hindcast],36,"[13.31, 14.44, 15.64, 16.05, 16.1, 15.94, 15.41, 14.91, 14.86, 15.23, 15.43, 15.12, 14.26, 13.77, 13.44, 13.16, 12.67, 11.68, 10.5, 10.09, 10.09, 10.33, 10.79, 11.3]","[19.36, 16.53, 14.01, 12.93, 13.04, 13.12, 13.17, 13.17, 12.66, 12.52, 12.93, 13.82, 15.25, 16.28, 16.57, 16.51, 16.47, 16.17, 16.13, 15.38, 14.2, 13.25, 12.09, 10.98]","[19.59, 18.41, 17.84, 17.37, 16.83, 16.51, 16.44, 16.48, 16.71, 17.1, 17.23, 16.95, 16.48, 15.61, 14.68, 14.35, 13.98, 13.84, 14.05, 14.5, 14.98, 15.67, 16.33, 16.95]","[15.73, 16.14, 15.1, 15.5, 14.6, 14.38, 14.36, 14.58, 14.51, 15.13, 16.01, 15.7, 15.62, 14.76, 15.24, 15.12, 15.86, 15.7, 16.25, 16.49, 16.71, 16.65, 16.77, 16.47]",32.17,"OpenAQ 'J.P. Rizal Avenue corner Camia' (1371m), mean of 18 hourly readings 2026-10-03 00:00-2026-10-04 00:00 UTC",2026-10-07T11:47:45.851331+00:00
2026-10-04T00:00:00+00:00,Mandaluyong,OpenAQ (ground sensor) [backfilled hindcast],35,"[14.44, 14.14, 14.29, 14.53, 15.02, 14.83, 13.61, 12.48, 12.16, 12.3, 11.85, 11.26, 10.57, 10.54, 10.74, 10.54, 9.84, 9.19, 8.65, 8.56, 8.48, 8.44, 8.54, 8.86]","[19.42, 18.41, 17.55, 17.3, 17.38, 17.5, 18.16, 18.47, 18.15, 17.67, 17.39, 16.96, 17.11, 17.21, 17.0, 16.8, 16.07, 15.14, 14.36, 13.65, 13.26, 12.98, 12.48, 11.74]","[22.9, 21.59, 19.91, 18.18, 17.19, 17.34, 17.51, 16.82, 16.12, 15.03, 13.85, 13.21, 13.05, 13.23, 13.75, 14.53, 14.82, 14.48, 13.43, 12.1, 11.08, 10.67, 11.1, 11.85]","[26.87, 26.5, 25.65, 23.8, 24.07, 23.15, 22.03, 21.4, 20.19, 18.88, 19.58, 18.87, 19.04, 17.94, 18.33, 18.46, 18.7, 18.21, 18.03, 17.51, 18.41, 18.22, 17.14, 17.37]",17.0,"OpenAQ 'J.P. Rizal Avenue corner Camia' (1371m), mean of 22 hourly readings 2026-10-04 00:00-2026-10-05 00:00 UTC",2026-10-07T11:47:45.906458+00:00
2026-10-05T00:00:00+00:00,Mandaluyong,OpenAQ (ground sensor) [backfilled hindcast],40,"[14.0, 13.41, 13.2, 13.03, 13.01, 12.84, 12.3, 12.08, 12.47, 13.02, 13.21, 13.34, 12.88, 12.62, 12.39, 11.94, 11.34, 11.2, 11.81, 12.39, 12.23, 11.51, 10.58, 9.95]","[14.23, 12.88, 11.44, 10.51, 9.83, 9.23, 8.98, 9.07, 9.01, 9.33, 10.0, 10.63, 11.45, 11.9, 11.71, 11.26, 10.99, 10.62, 10.51, 10.41, 10.04, 10.12, 10.06, 10.05]","[13.94, 12.84, 13.06, 14.27, 15.89, 16.82, 16.73, 15.48, 14.4, 14.05, 13.71, 12.82, 11.5, 9.87, 8.48, 7.8, 7.86, 8.63, 9.42, 10.09, 11.11, 12.31, 12.76, 13.19]","[17.36, 16.57, 15.34, 14.99, 14.28, 13.81, 13.75, 13.55, 13.51, 13.36, 14.11, 13.98, 13.86, 13.45, 13.28, 13.35, 13.67, 13.58, 13.72, 13.83, 13.92, 13.64, 13.72, 13.7]",23.06,"OpenAQ 'J.P. Rizal Avenue corner Camia' (1371m), mean of 19 hourly readings 2026-10-05 00:00-2026-10-06 00:00 UTC",2026-10-07T11:47:45.962176+00:00
2026-09-30T00:00:00+00:00,Navotas,OpenAQ (ground sensor) [backfilled hindcast],34,"[20.53, 18.89, 17.37, 15.16, 13.95, 13.68, 13.51, 13.54, 14.27, 14.72, 14.56, 14.19, 12.87, 11.91, 11.49, 12.07, 13.16, 13.74, 13.32, 13.29, 13.69, 14.06, 13.59, 13.05]","[33.37, 26.29, 19.82, 16.27, 15.86, 15.93, 17.27, 18.61, 18.29, 17.49, 16.95, 16.32, 16.09, 15.76, 14.81, 14.12, 13.68, 12.92, 12.79, 12.33, 11.92, 12.07, 11.56, 10.73]","[22.16, 18.97, 15.92, 14.06, 15.43, 19.64, 22.06, 21.7, 19.76, 18.42, 18.05, 17.96, 18.25, 17.47, 16.39, 15.64, 14.83, 14.11, 13.58, 13.74, 14.32, 14.75, 14.18, 13.3]","[29.79, 27.43, 25.15, 21.55, 21.61, 20.73, 18.97, 18.27, 16.77, 15.97, 16.64, 15.67, 16.27, 15.59, 16.92, 17.44, 17.97, 17.49, 18.3, 18.7, 19.38, 19.13, 19.01, 18.48]",41.05,"OpenAQ 'Barangay Tanza 2 Hall' (947m), mean of 21 hourly readings 2026-09-30 00:00-2026-10-01 00:00 UTC",2026-10-07T11:47:49.121066+00:00
2026-10-01T00:00:00+00:00,Navotas,OpenAQ (ground sensor) [backfilled hindcast],39,"[21.34, 18.61, 17.13, 16.06, 15.25, 14.65, 14.2, 14.21, 14.9, 15.19, 14.37, 13.57, 12.43, 11.83, 11.62, 11.23, 10.63, 10.67, 11.46, 12.26, 12.32, 12.0, 11.56, 10.99]","[23.82, 21.09, 17.83, 14.97, 13.32, 12.29, 12.5, 13.83, 14.57, 15.48, 16.37, 16.35, 16.28, 15.55, 14.22, 13.5, 13.38, 12.83, 13.16, 13.24, 12.59, 12.46, 11.95, 11.76]","[27.07, 25.83, 24.83, 24.1, 22.9, 21.79, 20.74, 19.33, 18.01, 17.65, 17.9, 17.75, 17.69, 16.97, 15.81, 15.38, 15.07, 14.67, 14.46, 14.74, 15.46, 16.43, 17.1, 17.98]","[60.0, 56.46, 53.92, 46.17, 45.12, 42.5, 38.62, 36.82, 30.31, 28.73, 29.62, 27.38, 28.12, 25.78, 29.11, 32.53, 31.68, 30.16, 30.54, 31.22, 32.61, 31.98, 31.3, 29.97]",33.24,"OpenAQ 'Barangay Tanza 2 Hall' (947m), mean of 19 hourly readings 2026-10-01 00:00-2026-10-02 00:00 UTC",2026-10-07T11:47:49.235352+00:00
2026-10-03T00:00:00+00:00,Navotas,OpenAQ (ground sensor) [backfilled hindcast],36,"[21.73, 19.86, 18.6, 16.91, 15.36, 14.45, 14.04, 14.04, 14.44, 14.5, 14.27, 14.4, 14.36, 14.69, 15.11, 15.35, 15.09, 14.49, 14.29, 14.77, 15.16, 15.27, 14.61, 13.66]","[21.86, 19.5, 17.81, 16.61, 15.77, 14.6, 14.19, 14.54, 14.77, 15.33, 16.31, 16.64, 16.8, 16.6, 15.65, 14.96, 15.03, 15.45, 16.42, 17.02, 16.81, 15.8, 14.59, 13.46]","[21.57, 19.28, 18.59, 19.33, 20.36, 20.72, 19.55, 18.07, 17.54, 18.15, 18.73, 18.81, 18.81, 18.03, 16.94, 16.27, 15.73, 15.18, 14.59, 14.46, 14.66, 14.83, 14.9, 15.5]","[24.14, 21.08, 19.53, 16.03, 15.79, 14.89, 14.16, 13.7, 13.05, 13.14, 14.12, 13.52, 13.75, 13.26, 13.89, 14.44, 14.87, 14.17, 14.92, 15.7, 15.45, 14.76, 15.53, 15.64]",41.86,"OpenAQ 'Barangay Tanza 2 Hall' (947m), mean of 19 hourly readings 2026-10-03 00:00-2026-10-04 00:00 UTC",2026-10-07T11:47:49.325420+00:00
2026-10-04T00:00:00+00:00,Navotas,OpenAQ (ground sensor) [backfilled hindcast],36,"[18.25, 17.1, 16.69, 15.96, 15.55, 15.02, 13.71, 12.78, 12.88, 13.3, 13.56, 13.92, 13.44, 12.97, 12.7, 12.62, 12.81, 13.3, 13.75, 14.36, 14.67, 14.74, 14.01, 13.12]","[26.71, 23.09, 20.05, 18.01, 16.8, 15.56, 14.09, 13.46, 13.23, 13.76, 14.63, 15.05, 15.54, 15.34, 14.49, 13.64, 13.3, 13.12, 13.74, 14.41, 14.75, 15.05, 14.63, 13.77]","[24.23, 21.5, 18.9, 16.94, 16.4, 17.09, 17.65, 17.68, 17.26, 16.93, 16.79, 16.95, 17.33, 17.25, 16.97, 17.1, 16.95, 16.73, 16.72, 17.03, 17.42, 17.58, 17.31, 16.78]","[31.32, 28.59, 25.82, 21.4, 21.28, 19.5, 17.77, 16.05, 14.75, 13.11, 13.53, 12.68, 13.4, 12.35, 14.24, 14.89, 15.43, 14.13, 14.75, 15.3, 15.58, 15.34, 15.29, 13.7]",29.19,"OpenAQ 'Barangay Tanza 2 Hall' (947m), mean of 22 hourly readings 2026-10-04 00:00-2026-10-05 00:00 UTC",2026-10-07T11:47:49.383863+00:00
2026-09-30T00:00:00+00:00,Pasay,OpenAQ (ground sensor) [backfilled hindcast],37,"[19.52, 18.69, 19.08, 18.04, 16.17, 14.93, 13.98, 13.15, 13.02, 13.26, 12.97, 12.66, 11.97, 12.08, 12.81, 13.04, 12.15, 11.5, 11.11, 11.02, 10.93, 11.46, 12.31, 13.22]","[13.97, 14.04, 13.79, 13.07, 12.55, 12.43, 12.6, 13.24, 13.28, 13.16, 13.33, 12.82, 12.7, 12.58, 12.13, 11.71, 11.97, 11.79, 11.96, 12.29, 12.06, 12.37, 12.43, 12.62]","[17.88, 16.49, 15.23, 14.33, 13.84, 13.68, 13.73, 14.17, 14.55, 14.78, 14.56, 14.3, 14.07, 13.82, 13.8, 14.24, 14.64, 15.01, 14.99, 14.94, 15.04, 15.12, 15.21, 15.4]","[23.75, 21.79, 20.69, 18.38, 16.88, 16.49, 15.31, 15.22, 13.95, 13.76, 15.08, 13.98, 14.92, 13.46, 14.67, 14.29, 14.72, 13.89, 15.95, 16.35, 15.89, 14.68, 15.44, 15.59]",64.96,"OpenAQ 'Santa Clara - Pasay City General Hospital' (1235m), mean of 23 hourly readings 2026-09-30 00:00-2026-10-01 00:00 UTC",2026-10-07T11:47:53.659872+00:00
2026-10-01T00:00:00+00:00,Pasay,OpenAQ (ground sensor) [backfilled hindcast],42,"[17.47, 15.02, 16.34, 18.22, 17.18, 13.79, 12.62, 13.87, 13.71, 12.38, 12.5, 14.5, 14.05, 10.9, 9.33, 10.32, 11.82, 12.78, 11.68, 10.71, 10.32, 10.85, 11.8, 13.37]","[12.4, 12.66, 12.61, 12.2, 11.79, 12.0, 12.47, 13.34, 13.6, 13.32, 13.22, 12.76, 12.69, 12.68, 12.69, 12.94, 13.24, 13.03, 12.98, 12.8, 12.57, 12.75, 13.06, 13.77]","[16.07, 15.12, 14.13, 13.38, 12.89, 12.75, 12.77, 12.49, 12.15, 12.16, 12.31, 12.1, 12.02, 11.76, 11.32, 11.24, 11.49, 12.03, 12.36, 13.04, 13.8, 14.78, 15.85, 16.85]","[43.02, 37.93, 35.01, 27.77, 24.99, 24.79, 20.61, 18.34, 14.65, 13.48, 10.81, 8.9, 9.58, 8.36, 12.31, 11.47, 11.67, 8.13, 11.61, 13.7, 11.85, 9.87, 12.84, 10.68]",44.3,"OpenAQ 'Santa Clara - Pasay City General Hospital' (1235m), mean of 18 hourly readings 2026-10-01 00:00-2026-10-02 00:00 UTC",2026-10-07T11:47:53.729352+00:00
2026-10-04T00:00:00+00:00,Pasay,OpenAQ (ground sensor) [backfilled hindcast],33,"[16.4, 19.58, 21.98, 20.1, 16.61, 15.26, 15.21, 14.45, 15.05, 16.69, 17.42, 16.3, 14.04, 12.66, 12.18, 12.6, 12.75, 13.24, 13.1, 12.24, 11.44, 11.73, 12.7, 13.8]","[11.32, 11.81, 12.29, 11.76, 11.08, 10.95, 11.01, 11.46, 11.38, 11.56, 12.07, 12.02, 12.1, 12.02, 11.56, 11.24, 11.61, 11.42, 12.04, 12.91, 13.21, 13.99, 13.66, 12.37]","[19.09, 17.12, 15.49, 14.26, 13.51, 13.3, 13.55, 13.82, 13.8, 13.73, 13.25, 12.55, 12.18, 11.54, 10.95, 10.65, 10.42, 10.71, 11.15, 11.53, 12.16, 13.25, 13.97, 14.12]","[17.63, 16.71, 16.92, 15.68, 14.98, 15.15, 15.55, 15.11, 13.79, 13.96, 13.77, 13.6, 14.29, 13.84, 13.74, 12.67, 13.17, 13.16, 14.87, 14.37, 14.16, 14.09, 14.6, 15.06]",26.71,"OpenAQ 'Santa Clara - Pasay City General Hospital' (1235m), mean of 22 hourly readings 2026-10-04 00:00-2026-10-05 00:00 UTC",2026-10-07T11:47:53.834683+00:00
2026-10-05T00:00:00+00:00,Pasay,OpenAQ (ground sensor) [backfilled hindcast],39,"[12.97, 13.16, 12.98, 12.46, 12.24, 12.37, 12.37, 12.07, 11.89, 12.28, 12.79, 13.28, 13.0, 12.43, 11.84, 11.45, 10.87, 9.99, 9.15, 8.85, 9.03, 9.37, 9.46, 9.66]","[12.05, 11.74, 11.36, 10.25, 9.18, 8.34, 7.66, 7.94, 8.37, 9.23, 10.23, 10.99, 11.43, 11.22, 10.65, 10.39, 10.84, 11.15, 11.72, 11.96, 11.1, 10.26, 9.09, 8.26]","[14.1, 13.87, 13.49, 12.78, 12.39, 12.64, 12.85, 12.59, 12.39, 12.7, 12.8, 12.56, 12.44, 12.49, 12.44, 12.8, 13.22, 13.73, 14.03, 14.77, 15.65, 16.45, 17.23, 18.25]","[17.39, 16.44, 16.49, 15.37, 14.81, 15.16, 15.69, 14.69, 14.44, 14.5, 14.68, 14.33, 14.74, 14.54, 13.75, 13.56, 13.71, 13.42, 14.14, 14.07, 13.92, 13.96, 14.17, 14.72]",35.38,"OpenAQ 'Santa Clara - Pasay City General Hospital' (1235m), mean of 18 hourly readings 2026-10-05 00:00-2026-10-06 00:00 UTC",2026-10-07T11:47:53.923805+00:00
2026-09-30T00:00:00+00:00,San_Juan,OpenAQ (ground sensor) [backfilled hindcast],35,"[14.98, 14.29, 13.83, 13.2, 12.67, 12.11, 11.56, 11.27, 11.62, 12.59, 13.17, 12.84, 11.71, 11.24, 11.28, 11.73, 11.86, 11.18, 10.29, 10.32, 10.27, 9.82, 9.02, 8.51]","[18.73, 17.39, 16.02, 15.07, 14.9, 14.7, 15.23, 15.91, 15.55, 14.42, 13.38, 12.55, 12.24, 11.99, 11.83, 12.08, 12.29, 11.97, 11.63, 11.33, 11.09, 11.14, 10.87, 10.97]","[19.39, 17.17, 16.02, 15.96, 17.06, 19.41, 21.05, 20.79, 19.67, 19.56, 19.06, 18.28, 18.44, 18.57, 17.99, 17.55, 16.72, 15.87, 16.32, 17.8, 18.45, 17.94, 16.66, 15.54]","[20.73, 19.82, 18.73, 17.28, 16.93, 16.56, 15.49, 15.37, 15.05, 14.11, 14.82, 14.18, 14.55, 13.87, 14.1, 14.2, 14.69, 14.62, 14.89, 14.99, 15.29, 15.33, 14.84, 14.96]",32.05,"OpenAQ 'San Juan Mini Park' (738m), mean of 19 hourly readings 2026-09-30 00:00-2026-10-01 00:00 UTC",2026-10-07T11:47:57.836244+00:00
2026-10-01T00:00:00+00:00,San_Juan,OpenAQ (ground sensor) [backfilled hindcast],38,"[11.73, 11.53, 12.73, 14.67, 16.35, 16.29, 14.47, 13.26, 12.9, 12.75, 11.71, 10.71, 9.86, 10.09, 11.24, 12.01, 11.77, 11.36, 10.93, 10.55, 9.98, 9.58, 9.24, 9.01]","[18.47, 16.81, 16.06, 16.66, 18.08, 18.85, 19.43, 19.35, 18.59, 17.48, 16.71, 16.59, 16.99, 17.11, 16.83, 16.4, 15.51, 14.46, 13.75, 13.04, 12.58, 12.16, 11.66, 11.4]","[17.44, 20.59, 23.8, 25.91, 26.21, 25.71, 24.89, 23.3, 22.22, 21.4, 20.27, 18.73, 17.71, 17.44, 16.69, 16.47, 16.61, 16.37, 15.67, 15.33, 15.17, 15.56, 16.52, 18.05]","[30.46, 30.08, 29.59, 27.31, 27.53, 26.62, 25.25, 24.1, 22.44, 20.96, 21.5, 20.68, 20.71, 19.93, 20.38, 20.56, 20.7, 19.93, 19.8, 19.26, 20.28, 19.95, 18.97, 18.97]",25.17,"OpenAQ 'San Juan Mini Park' (738m), mean of 19 hourly readings 2026-10-01 00:00-2026-10-02 00:00 UTC",2026-10-07T11:47:57.934021+00:00
2026-10-03T00:00:00+00:00,San_Juan,OpenAQ (ground sensor) [backfilled hindcast],36,"[17.48, 16.25, 15.51, 15.34, 15.27, 14.98, 14.8, 15.01, 15.55, 16.26, 16.11, 14.69, 12.58, 11.85, 11.65, 11.41, 11.22, 11.22, 11.56, 12.12, 11.93, 10.9, 9.73, 8.92]","[18.97, 17.77, 16.76, 16.04, 16.14, 16.03, 15.79, 15.59, 14.91, 14.43, 14.21, 13.99, 14.16, 14.03, 13.55, 13.27, 13.37, 13.19, 13.32, 13.25, 12.62, 11.91, 10.92, 10.28]","[19.05, 18.25, 18.21, 18.05, 17.73, 17.45, 17.33, 17.41, 17.71, 18.29, 18.26, 17.51, 16.6, 15.25, 13.83, 13.08, 12.8, 13.1, 13.65, 14.31, 15.38, 16.62, 17.31, 17.88]","[24.12, 23.07, 21.98, 19.52, 19.54, 19.19, 18.53, 17.09, 16.76, 15.64, 15.82, 15.48, 15.61, 15.08, 15.58, 15.98, 16.29, 15.9, 16.33, 16.57, 17.2, 17.46, 16.79, 16.82]",37.94,"OpenAQ 'San Juan Mini Park' (738m), mean of 18 hourly readings 2026-10-03 00:00-2026-10-04 00:00 UTC",2026-10-07T11:47:58.000599+00:00
2026-10-04T00:00:00+00:00,San_Juan,OpenAQ (ground sensor) [backfilled hindcast],35,"[10.69, 10.98, 12.38, 14.14, 15.51, 15.37, 13.99, 13.09, 13.02, 13.01, 11.75, 10.22, 9.2, 9.56, 10.74, 11.41, 11.02, 10.4, 9.68, 9.35, 9.13, 9.29, 9.56, 9.89]","[20.86, 18.61, 16.25, 14.68, 14.57, 15.01, 15.88, 16.6, 16.44, 15.95, 15.4, 14.87, 15.05, 15.23, 15.0, 14.71, 14.36, 13.58, 13.21, 12.82, 12.55, 12.45, 12.01, 11.6]","[22.35, 20.85, 18.95, 17.26, 17.0, 18.12, 18.94, 18.51, 17.72, 16.55, 15.76, 15.38, 15.28, 15.39, 15.2, 14.88, 14.19, 13.53, 12.92, 12.87, 13.17, 13.66, 14.17, 14.77]","[22.82, 21.38, 19.91, 17.43, 17.21, 16.5, 15.64, 14.41, 14.28, 13.09, 13.96, 13.25, 14.03, 13.13, 13.46, 13.95, 14.5, 13.85, 14.36, 14.53, 14.77, 14.66, 14.26, 13.93]",21.79,"OpenAQ 'San Juan Mini Park' (738m), mean of 22 hourly readings 2026-10-04 00:00-2026-10-05 00:00 UTC",2026-10-07T11:47:58.061865+00:00
2026-10-07T11:54:11.499062+00:00,Manila,"NASA GEOS-CF v2 (S3, live)",27,"[14.36, 15.08, 15.05, 14.88, 14.57, 13.84, 13.55, 13.66, 13.73, 13.45, 13.73, 13.23, 13.03, 13.56, 13.65, 13.45, 13.4, 13.33, 13.13, 13.08, 12.71, 12.01, 11.97, 11.77]","[13.94, 11.99, 13.9, 15.72, 14.73, 14.3, 12.8, 10.21, 11.91, 14.46, 14.09, 13.61, 13.09, 13.29, 13.62, 12.82, 11.08, 8.65, 8.51, 12.93, 17.5, 16.4, 12.77, 9.47]","[20.97, 21.22, 20.9, 20.26, 19.43, 18.39, 16.84, 14.73, 13.53, 12.47, 11.43, 10.76, 10.33, 10.45, 10.34, 10.53, 11.07, 12.22, 13.72, 15.45, 16.98, 19.04, 21.69, 23.11]","[29.27, 27.04, 25.3, 21.17, 19.63, 18.53, 16.84, 17.84, 13.89, 14.02, 12.89, 13.0, 12.68, 12.48, 14.1, 13.2, 14.0, 13.85, 15.13, 15.23, 14.63, 15.29, 16.0, 15.46]",,,
2026-09-30T00:00:00+00:00,Manila,"OpenAQ (ground sensor) [fine-tuned, C regularised] [backfilled hindcast]",42,"[27.41, 26.42, 24.81, 23.48, 22.94, 22.45, 21.68, 20.85, 20.5, 20.49, 20.16, 19.67, 19.86, 21.18, 22.8, 23.27, 22.52, 21.82, 21.65, 21.93, 21.95, 21.7, 21.69, 22.21]","[48.34, 44.11, 38.22, 33.39, 30.47, 28.41, 27.02, 25.98, 24.2, 22.97, 22.43, 21.51, 21.09, 20.95, 20.87, 20.59, 21.01, 21.11, 21.99, 23.88, 26.24, 28.84, 30.77, 31.51]","[34.05, 32.42, 31.52, 30.97, 30.5, 29.91, 29.36, 29.18, 29.72, 30.1, 30.17, 29.85, 28.95, 27.84, 26.77, 26.21, 25.72, 25.69, 25.94, 26.0, 25.98, 26.66, 27.62, 28.48]","[33.06, 32.8, 32.62, 32.51, 32.65, 31.95, 30.93, 31.14, 30.38, 29.96, 29.38, 29.67, 29.3, 28.98, 28.38, 28.19, 28.63, 28.34, 28.05, 26.99, 28.69, 28.7, 28.22, 28.53]",34.96,"OpenAQ 'Mandaluyong City' (4076m), mean of 24 hourly readings 2026-09-30 00:00-2026-10-01 00:00 UTC",2026-10-07T12:18:13.557596+00:00
2026-10-01T00:00:00+00:00,Manila,"OpenAQ (ground sensor) [fine-tuned, C regularised] [backfilled hindcast]",45,"[30.79, 30.42, 29.04, 27.61, 26.89, 26.37, 25.85, 25.73, 26.44, 27.58, 28.38, 28.7, 28.65, 28.87, 29.28, 28.37, 26.12, 24.08, 23.1, 23.64, 25.15, 26.98, 28.81, 30.41]","[45.91, 43.03, 39.13, 34.92, 31.02, 27.72, 26.47, 27.55, 29.08, 31.88, 35.3, 37.39, 39.11, 39.7, 39.25, 37.66, 35.87, 33.79, 32.97, 33.72, 35.72, 38.99, 41.46, 43.24]","[31.61, 34.82, 36.27, 35.35, 33.16, 31.59, 31.33, 30.72, 29.47, 27.89, 27.59, 28.93, 30.53, 29.96, 27.17, 25.61, 25.59, 26.12, 26.68, 26.94, 26.52, 26.39, 26.72, 27.81]","[39.86, 37.89, 37.37, 35.96, 35.07, 34.4, 32.54, 33.55, 32.96, 33.01, 33.27, 34.05, 34.52, 33.77, 33.99, 34.14, 34.73, 34.24, 34.48, 33.74, 35.42, 35.61, 35.85, 35.85]",32.07,"OpenAQ 'Mandaluyong City' (4076m), mean of 21 hourly readings 2026-10-01 00:00-2026-10-02 00:00 UTC",2026-10-07T12:18:13.668901+00:00
2026-10-02T00:00:00+00:00,Manila,"OpenAQ (ground sensor) [fine-tuned, C regularised] [backfilled hindcast]",45,"[30.63, 31.19, 29.04, 25.37, 22.63, 20.33, 18.52, 17.11, 16.62, 17.58, 20.08, 22.82, 23.54, 22.64, 21.76, 20.57, 19.07, 17.98, 16.91, 17.11, 19.7, 23.33, 25.85, 26.81]","[29.7, 30.48, 30.97, 30.52, 29.38, 28.21, 27.5, 27.48, 27.78, 28.63, 29.5, 29.75, 29.6, 28.22, 26.44, 24.41, 23.14, 22.2, 22.33, 24.09, 26.43, 29.13, 31.61, 33.78]","[26.16, 26.7, 28.89, 31.4, 32.42, 31.55, 29.95, 28.87, 29.11, 29.69, 29.74, 28.98, 27.84, 27.01, 26.06, 25.32, 24.93, 24.72, 24.68, 24.45, 24.34, 24.5, 24.41, 24.68]","[32.32, 31.93, 31.42, 31.68, 31.69, 31.47, 30.92, 31.48, 31.61, 32.21, 32.57, 32.68, 32.48, 32.35, 32.08, 31.98, 32.32, 31.95, 32.3, 31.48, 32.18, 32.46, 32.01, 31.96]",31.9,"OpenAQ 'Mandaluyong City' (4076m), mean of 18 hourly readings 2026-10-02 00:00-2026-10-03 00:00 UTC",2026-10-07T12:18:13.747227+00:00
2026-10-03T00:00:00+00:00,Manila,"OpenAQ (ground sensor) [fine-tuned, C regularised] [backfilled hindcast]",39,"[34.52, 32.05, 28.08, 25.44, 24.58, 24.15, 24.11, 24.42, 25.34, 27.5, 30.47, 32.46, 32.23, 30.45, 28.49, 26.25, 24.1, 22.84, 22.44, 23.41, 26.11, 29.48, 32.13, 33.56]","[39.3, 38.48, 36.76, 34.74, 32.23, 29.65, 27.24, 26.32, 26.45, 27.77, 29.23, 30.31, 31.21, 31.09, 30.46, 28.78, 27.68, 26.69, 26.68, 28.47, 31.47, 35.29, 38.55, 40.39]","[28.17, 26.73, 25.94, 25.34, 25.12, 25.64, 26.72, 27.91, 28.53, 28.19, 27.57, 27.74, 28.15, 27.63, 26.29, 25.18, 24.45, 24.5, 24.94, 25.21, 25.25, 25.66, 26.23, 26.81]","[27.96, 27.3, 27.41, 27.03, 26.53, 26.63, 26.12, 26.47, 27.06, 27.02, 27.06, 26.95, 27.12, 27.06, 26.29, 26.35, 26.6, 25.76, 26.2, 25.54, 25.16, 25.51, 25.57, 25.31]",37.62,"OpenAQ 'Mandaluyong City' (4076m), mean of 20 hourly readings 2026-10-03 00:00-2026-10-04 00:00 UTC",2026-10-07T12:18:13.807345+00:00
2026-10-04T00:00:00+00:00,Manila,"OpenAQ (ground sensor) [fine-tuned, C regularised] [backfilled hindcast]",38,"[39.81, 37.96, 33.99, 30.61, 28.87, 27.08, 25.57, 24.6, 24.57, 26.0, 27.91, 28.66, 28.44, 28.57, 28.94, 27.96, 26.16, 25.05, 24.95, 26.51, 29.14, 30.63, 30.58, 30.37]","[40.35, 40.73, 39.2, 36.02, 32.6, 30.13, 28.97, 29.44, 30.34, 31.59, 32.94, 33.3, 32.97, 31.46, 29.33, 26.6, 24.76, 23.19, 23.25, 25.31, 28.12, 31.39, 33.93, 35.45]","[31.22, 30.75, 31.07, 31.95, 32.91, 32.82, 31.28, 29.06, 27.97, 27.57, 27.86, 28.13, 27.81, 27.13, 25.86, 24.95, 24.34, 24.2, 24.5, 24.98, 25.45, 26.65, 27.83, 28.46]","[33.99, 33.32, 33.18, 32.78, 32.71, 31.96, 30.99, 31.3, 30.75, 30.54, 30.19, 30.33, 30.4, 29.96, 29.32, 29.1, 29.72, 29.08, 28.95, 27.76, 29.24, 29.07, 28.82, 29.05]",25.19,"OpenAQ 'Mandaluyong City' (4076m), mean of 23 hourly readings 2026-10-04 00:00-2026-10-05 00:00 UTC",2026-10-07T12:18:13.858650+00:00
2026-10-05T00:00:00+00:00,Manila,"OpenAQ (ground sensor) [fine-tuned, C regularised] [backfilled hindcast]",43,"[24.93, 23.32, 22.23, 21.91, 21.85, 21.64, 21.35, 21.77, 23.1, 24.5, 25.12, 24.7, 23.78, 23.51, 23.86, 23.85, 23.78, 23.89, 23.88, 24.3, 25.54, 27.57, 29.17, 29.26]","[33.47, 33.5, 32.34, 29.73, 26.76, 24.63, 24.42, 25.16, 25.92, 26.58, 26.3, 24.73, 22.67, 20.8, 19.96, 19.63, 20.06, 20.53, 21.79, 24.58, 27.81, 30.62, 32.32, 33.6]","[26.79, 25.25, 25.96, 28.22, 30.7, 31.69, 29.85, 26.88, 25.05, 25.24, 26.62, 27.63, 27.88, 27.36, 26.05, 24.95, 24.63, 24.49, 24.2, 24.01, 23.56, 23.3, 23.47, 24.11]","[27.92, 26.86, 26.35, 26.46, 25.42, 25.6, 24.38, 25.4, 25.39, 25.21, 25.48, 25.81, 25.67, 25.41, 25.8, 25.18, 26.26, 26.09, 26.68, 26.18, 26.63, 26.98, 27.34, 27.27]",29.71,"OpenAQ 'Mandaluyong City' (4076m), mean of 22 hourly readings 2026-10-05 00:00-2026-10-06 00:00 UTC",2026-10-07T12:18:13.908310+00:00
2026-09-30T00:00:00+00:00,Quezon_City,"OpenAQ (ground sensor) [fine-tuned, C regularised] [backfilled hindcast]",40,"[33.41, 32.69, 31.06, 28.69, 26.9, 26.2, 26.03, 26.05, 26.5, 27.13, 27.85, 27.98, 28.08, 28.83, 30.6, 32.22, 33.1, 33.58, 34.61, 36.15, 36.67, 35.72, 34.34, 33.5]","[35.91, 31.43, 26.86, 23.75, 22.28, 21.49, 21.23, 21.57, 21.62, 22.09, 22.88, 22.87, 22.67, 22.36, 22.25, 22.29, 22.92, 23.45, 24.31, 26.29, 28.87, 31.11, 32.6, 33.8]","[29.23, 26.98, 25.24, 24.51, 25.48, 27.89, 29.6, 29.7, 28.54, 27.07, 26.24, 25.93, 25.76, 25.36, 24.87, 24.91, 25.0, 25.14, 25.49, 25.98, 26.07, 25.97, 25.58, 24.91]","[38.84, 37.47, 36.55, 35.85, 35.0, 33.59, 31.77, 31.91, 31.09, 30.82, 30.59, 31.09, 31.07, 30.27, 29.65, 29.73, 29.83, 28.99, 28.68, 27.79, 28.84, 28.47, 28.52, 28.31]",36.97,"OpenAQ '3S Center Ugong' (4215m), mean of 21 hourly readings 2026-09-30 00:00-2026-10-01 00:00 UTC",2026-10-07T12:18:16.083317+00:00
2026-10-01T00:00:00+00:00,Quezon_City,"OpenAQ (ground sensor) [fine-tuned, C regularised] [backfilled hindcast]",41,"[37.26, 36.43, 34.24, 31.49, 29.35, 26.95, 24.9, 23.84, 23.83, 25.1, 27.82, 30.55, 31.25, 30.35, 29.4, 27.81, 25.84, 24.73, 23.83, 23.53, 24.29, 26.16, 28.33, 30.1]","[28.26, 26.91, 24.73, 22.14, 19.89, 18.09, 17.36, 17.98, 19.4, 21.89, 24.72, 26.87, 29.05, 29.97, 29.72, 28.47, 26.79, 25.35, 25.06, 26.25, 28.23, 30.78, 33.51, 35.46]","[35.77, 35.22, 33.89, 31.93, 30.05, 28.96, 28.7, 28.45, 28.25, 28.25, 28.63, 28.51, 27.8, 26.71, 25.89, 25.78, 25.53, 25.2, 24.89, 24.52, 24.24, 24.6, 25.55, 27.08]","[35.59, 34.73, 34.09, 33.4, 33.78, 33.12, 32.12, 32.67, 32.25, 31.8, 31.56, 31.54, 31.73, 31.5, 31.54, 31.37, 31.64, 31.31, 31.22, 30.8, 31.92, 32.04, 31.85, 31.45]",25.59,"OpenAQ '3S Center Ugong' (4215m), mean of 20 hourly readings 2026-10-01 00:00-2026-10-02 00:00 UTC",2026-10-07T12:18:16.180660+00:00
2026-10-03T00:00:00+00:00,Quezon_City,"OpenAQ (ground sensor) [fine-tuned, C regularised] [backfilled hindcast]",36,"[33.51, 31.23, 26.55, 22.94, 21.8, 21.61, 21.86, 22.49, 23.74, 25.54, 27.52, 28.22, 27.67, 26.71, 25.72, 24.35, 22.98, 22.49, 23.11, 24.68, 26.81, 28.62, 30.17, 31.77]","[29.02, 27.22, 25.51, 24.19, 23.32, 23.19, 23.62, 24.92, 26.39, 28.18, 29.83, 30.51, 30.6, 30.13, 29.6, 28.97, 28.83, 28.67, 29.01, 30.67, 32.89, 34.84, 36.04, 36.72]","[30.54, 28.62, 27.93, 27.9, 27.95, 28.19, 28.54, 29.09, 29.44, 29.41, 29.05, 28.34, 27.63, 26.74, 25.84, 25.24, 25.08, 25.3, 25.75, 25.6, 25.03, 24.54, 23.76, 22.91]","[36.74, 35.07, 33.91, 32.01, 31.55, 30.8, 29.55, 28.96, 28.74, 28.39, 27.27, 27.71, 27.66, 27.69, 27.46, 28.0, 27.73, 27.49, 27.42, 27.69, 27.92, 28.49, 28.39, 27.99]",42.72,"OpenAQ '3S Center Ugong' (4215m), mean of 20 hourly readings 2026-10-03 00:00-2026-10-04 00:00 UTC",2026-10-07T12:18:16.275454+00:00
2026-10-04T00:00:00+00:00,Quezon_City,"OpenAQ (ground sensor) [fine-tuned, C regularised] [backfilled hindcast]",36,"[52.01, 50.02, 43.89, 38.02, 35.64, 34.06, 33.21, 33.59, 35.84, 39.85, 45.06, 47.63, 47.33, 46.18, 44.6, 41.48, 38.27, 37.56, 38.83, 41.07, 43.58, 45.28, 46.63, 48.0]","[46.83, 45.43, 42.02, 37.55, 32.81, 28.6, 26.57, 27.21, 28.54, 30.92, 34.25, 36.83, 38.62, 39.18, 38.43, 36.56, 34.42, 31.87, 30.72, 31.19, 32.51, 34.32, 35.04, 35.45]","[44.94, 43.6, 40.55, 36.94, 33.94, 32.38, 32.45, 33.12, 33.4, 33.2, 33.99, 35.59, 36.55, 36.43, 35.56, 35.01, 34.59, 34.4, 33.94, 32.71, 31.33, 30.3, 30.2, 30.48]","[44.41, 42.29, 41.28, 39.8, 38.45, 36.62, 34.7, 35.22, 33.93, 34.39, 34.12, 35.12, 35.19, 34.18, 33.67, 33.79, 34.21, 33.59, 33.19, 32.11, 34.24, 33.81, 33.8, 34.18]",28.09,"OpenAQ '3S Center Ugong' (4215m), mean of 21 hourly readings 2026-10-04 00:00-2026-10-05 00:00 UTC",2026-10-07T12:18:16.329359+00:00
2026-10-05T00:00:00+00:00,Quezon_City,"OpenAQ (ground sensor) [fine-tuned, C regularised] [backfilled hindcast]",41,"[42.23, 38.35, 33.78, 30.84, 29.62, 29.73, 31.1, 33.36, 35.93, 38.08, 39.49, 39.25, 38.14, 37.31, 37.04, 35.78, 34.51, 34.94, 37.31, 39.65, 41.44, 42.85, 43.71, 42.96]","[28.94, 26.9, 24.36, 21.81, 20.08, 18.89, 18.17, 18.29, 18.77, 20.35, 22.27, 23.2, 23.85, 24.24, 24.14, 23.64, 23.33, 22.55, 22.66, 24.61, 27.93, 31.45, 33.86, 34.98]","[29.64, 27.33, 25.78, 25.21, 26.13, 28.12, 29.51, 29.39, 28.24, 27.1, 26.46, 25.8, 25.09, 24.18, 23.23, 23.2, 23.45, 24.01, 24.92, 26.1, 27.31, 28.7, 29.42, 29.7]","[32.26, 30.94, 30.33, 30.17, 28.69, 28.5, 27.22, 28.84, 28.24, 29.23, 30.03, 30.77, 31.22, 30.19, 31.01, 30.63, 32.14, 31.24, 32.0, 31.06, 32.8, 33.07, 32.7, 32.93]",28.02,"OpenAQ '3S Center Ugong' (4215m), mean of 18 hourly readings 2026-10-05 00:00-2026-10-06 00:00 UTC",2026-10-07T12:18:16.397533+00:00
2026-09-30T00:00:00+00:00,Caloocan,"OpenAQ (ground sensor) [fine-tuned, C regularised] [backfilled hindcast]",40,"[40.03, 38.02, 34.9, 32.37, 32.22, 32.59, 32.93, 33.94, 36.1, 38.42, 39.88, 39.75, 38.83, 38.09, 37.8, 37.25, 36.76, 36.56, 37.34, 40.27, 43.16, 43.62, 42.82, 42.68]","[49.43, 46.43, 42.27, 37.38, 32.69, 29.07, 27.73, 28.8, 30.36, 32.53, 35.04, 36.18, 36.32, 35.18, 32.79, 29.58, 27.32, 25.17, 25.02, 27.05, 30.11, 33.75, 36.48, 38.72]","[41.14, 40.33, 37.95, 35.02, 32.64, 31.43, 32.14, 33.76, 35.21, 36.06, 36.49, 36.25, 35.46, 34.61, 33.4, 32.8, 32.25, 32.44, 33.08, 33.04, 32.94, 33.74, 34.53, 34.9]","[51.33, 48.7, 47.51, 45.21, 44.07, 42.38, 39.7, 41.1, 39.04, 39.7, 39.12, 39.72, 40.31, 39.15, 39.16, 39.3, 39.89, 39.4, 39.62, 38.38, 41.02, 41.22, 41.0, 41.03]",55.04,"OpenAQ 'Malabon Action Center' (1269m), mean of 19 hourly readings 2026-09-30 00:00-2026-10-01 00:00 UTC",2026-10-07T12:18:19.808838+00:00
2026-10-03T00:00:00+00:00,Caloocan,"OpenAQ (ground sensor) [fine-tuned, C regularised] [backfilled hindcast]",33,"[44.8, 41.88, 37.84, 35.83, 36.57, 37.26, 37.95, 39.64, 42.53, 45.85, 48.57, 48.94, 47.44, 45.69, 43.66, 41.24, 39.51, 38.57, 37.28, 37.1, 38.92, 41.73, 43.79, 44.98]","[55.43, 53.75, 50.03, 46.29, 41.98, 38.36, 36.29, 36.27, 37.06, 38.67, 40.83, 41.56, 42.08, 41.77, 41.14, 39.24, 37.62, 35.97, 35.08, 37.18, 41.21, 46.18, 50.28, 52.39]","[50.57, 48.4, 46.72, 45.41, 43.74, 41.45, 38.94, 37.87, 37.78, 38.52, 39.33, 39.36, 39.12, 38.78, 38.82, 38.89, 38.64, 37.58, 36.46, 35.68, 35.94, 36.52, 36.41, 36.04]","[60.98, 56.84, 54.59, 49.66, 48.2, 45.59, 42.67, 43.87, 41.15, 42.02, 41.41, 42.31, 42.84, 41.87, 42.06, 42.59, 42.35, 40.85, 41.08, 41.01, 41.11, 41.97, 42.42, 41.3]",59.01,"OpenAQ 'Malabon Action Center' (1269m), mean of 21 hourly readings 2026-10-03 00:00-2026-10-04 00:00 UTC",2026-10-07T12:18:19.933995+00:00
2026-10-04T00:00:00+00:00,Caloocan,"OpenAQ (ground sensor) [fine-tuned, C regularised] [backfilled hindcast]",37,"[61.05, 59.39, 51.78, 44.52, 43.47, 43.35, 42.63, 42.72, 47.18, 55.54, 63.78, 64.77, 59.99, 56.23, 53.81, 49.33, 45.02, 45.67, 49.04, 51.25, 52.63, 54.05, 55.73, 56.57]","[71.21, 67.69, 60.81, 52.34, 44.62, 39.45, 37.56, 39.7, 42.64, 45.51, 47.69, 48.31, 46.54, 43.48, 39.59, 34.92, 32.48, 29.89, 29.43, 31.9, 35.83, 39.8, 42.42, 44.79]","[51.58, 50.68, 48.52, 46.1, 44.29, 43.07, 42.52, 42.95, 43.33, 43.45, 43.27, 42.21, 41.24, 41.11, 41.41, 41.46, 40.59, 39.51, 39.01, 38.61, 38.94, 40.57, 41.96, 42.58]","[67.44, 63.37, 60.77, 55.98, 54.58, 51.57, 48.06, 49.99, 47.17, 47.98, 47.53, 48.47, 48.82, 47.56, 48.2, 48.72, 48.34, 47.08, 46.7, 46.56, 47.62, 48.32, 48.29, 46.99]",34.78,"OpenAQ 'Malabon Action Center' (1269m), mean of 22 hourly readings 2026-10-04 00:00-2026-10-05 00:00 UTC",2026-10-07T12:18:20.010941+00:00
2026-10-05T00:00:00+00:00,Caloocan,"OpenAQ (ground sensor) [fine-tuned, C regularised] [backfilled hindcast]",43,"[41.96, 39.37, 34.84, 29.14, 25.61, 25.05, 26.19, 28.09, 31.08, 34.37, 38.34, 42.27, 44.8, 45.78, 45.17, 42.35, 38.69, 36.27, 36.47, 38.51, 41.61, 43.76, 43.52, 41.14]","[44.75, 40.09, 35.11, 31.01, 28.6, 28.4, 30.16, 32.85, 35.03, 36.87, 38.27, 37.96, 36.8, 36.12, 35.95, 34.98, 34.76, 35.03, 36.62, 40.44, 45.92, 50.51, 52.23, 51.77]","[38.1, 35.95, 35.06, 35.27, 35.95, 36.14, 35.08, 33.17, 31.69, 31.22, 31.99, 32.79, 32.83, 32.31, 31.13, 30.69, 30.42, 30.09, 29.46, 29.23, 29.5, 31.0, 33.3, 35.6]","[45.11, 42.93, 41.49, 40.49, 39.24, 38.74, 36.24, 38.46, 37.01, 38.22, 39.37, 40.38, 40.87, 39.54, 41.56, 41.34, 43.35, 42.91, 44.77, 44.11, 46.54, 47.19, 47.14, 47.7]",37.76,"OpenAQ 'Malabon Action Center' (1269m), mean of 18 hourly readings 2026-10-05 00:00-2026-10-06 00:00 UTC",2026-10-07T12:18:20.066320+00:00
2026-09-30T00:00:00+00:00,Valenzuela,"OpenAQ (ground sensor) [fine-tuned, C regularised] [backfilled hindcast]",35,"[33.81, 31.81, 29.49, 27.29, 26.42, 27.12, 28.72, 30.8, 32.89, 33.99, 34.05, 33.35, 32.4, 31.75, 31.79, 31.27, 30.52, 30.55, 32.17, 34.87, 36.68, 36.59, 35.85, 35.54]","[40.18, 36.88, 33.52, 30.79, 28.89, 27.81, 27.71, 28.49, 29.08, 30.44, 31.83, 32.01, 31.59, 30.7, 29.73, 28.61, 28.28, 27.19, 26.74, 27.89, 30.01, 32.5, 34.46, 36.86]","[35.98, 31.84, 28.89, 27.64, 29.2, 33.02, 35.89, 36.4, 35.06, 33.26, 31.76, 30.52, 29.75, 29.17, 28.36, 28.15, 28.02, 28.41, 29.48, 30.84, 31.62, 32.25, 32.6, 32.77]","[33.9, 33.72, 33.67, 33.97, 34.22, 33.7, 32.88, 33.35, 32.74, 33.21, 33.09, 33.39, 33.34, 32.76, 32.23, 32.2, 32.85, 32.1, 32.2, 30.54, 32.47, 32.42, 31.62, 31.85]",39.02,"OpenAQ '3S Center Paso De Blas' (1711m), mean of 23 hourly readings 2026-09-30 00:00-2026-10-01 00:00 UTC",2026-10-07T12:18:25.448451+00:00
2026-10-01T00:00:00+00:00,Valenzuela,"OpenAQ (ground sensor) [fine-tuned, C regularised] [backfilled hindcast]",41,"[34.25, 33.99, 32.89, 32.05, 32.46, 32.6, 32.46, 32.71, 33.46, 34.94, 37.35, 38.98, 38.28, 36.57, 34.91, 32.73, 30.45, 28.54, 26.73, 25.59, 25.83, 27.06, 28.32, 29.31]","[32.24, 31.66, 30.7, 29.15, 27.3, 25.13, 23.27, 22.52, 22.49, 23.71, 25.9, 28.23, 30.75, 31.73, 31.36, 29.74, 28.11, 26.49, 25.77, 26.48, 27.75, 29.69, 32.1, 34.13]","[31.98, 33.02, 33.81, 33.88, 33.08, 32.29, 32.36, 32.39, 32.44, 32.5, 32.49, 31.8, 30.68, 29.26, 27.87, 27.31, 26.88, 26.46, 26.06, 25.46, 24.84, 24.69, 24.92, 25.98]","[31.71, 31.55, 31.33, 31.25, 31.81, 31.28, 31.14, 31.43, 31.33, 31.49, 31.68, 31.86, 32.05, 31.99, 31.62, 31.14, 31.23, 30.61, 30.31, 29.1, 29.89, 30.0, 29.19, 29.11]",24.38,"OpenAQ '3S Center Paso De Blas' (1711m), mean of 19 hourly readings 2026-10-01 00:00-2026-10-02 00:00 UTC",2026-10-07T12:18:25.487268+00:00
2026-10-03T00:00:00+00:00,Valenzuela,"OpenAQ (ground sensor) [fine-tuned, C regularised] [backfilled hindcast]",35,"[28.58, 26.76, 24.89, 23.78, 23.84, 24.42, 25.1, 26.11, 27.48, 28.61, 29.36, 29.09, 28.05, 27.28, 26.97, 26.53, 26.22, 26.31, 26.63, 27.12, 27.63, 27.97, 28.28, 28.72]","[36.08, 35.55, 35.03, 34.59, 33.63, 32.03, 30.1, 28.78, 27.77, 27.82, 28.53, 29.05, 29.62, 29.66, 29.22, 28.44, 28.24, 27.63, 27.48, 28.54, 30.06, 31.69, 32.85, 33.24]","[34.99, 33.49, 32.4, 32.07, 32.47, 32.98, 33.1, 32.91, 32.56, 31.73, 31.25, 31.01, 30.67, 30.29, 29.93, 29.81, 29.69, 29.56, 29.46, 28.72, 27.58, 26.89, 26.32, 25.48]","[38.55, 36.88, 35.73, 33.89, 32.49, 31.19, 29.43, 28.88, 28.14, 27.62, 26.72, 27.3, 27.24, 26.65, 26.05, 26.38, 26.46, 25.94, 25.58, 25.43, 26.17, 26.48, 26.57, 26.34]",45.68,"OpenAQ '3S Center Paso De Blas' (1711m), mean of 18 hourly readings 2026-10-03 00:00-2026-10-04 00:00 UTC",2026-10-07T12:18:25.564462+00:00
2026-10-04T00:00:00+00:00,Valenzuela,"OpenAQ (ground sensor) [fine-tuned, C regularised] [backfilled hindcast]",34,"[46.8, 43.48, 38.99, 35.71, 34.79, 34.57, 35.16, 36.65, 38.58, 41.05, 43.86, 45.04, 43.88, 41.62, 39.73, 38.02, 37.36, 38.68, 40.84, 42.25, 42.86, 42.84, 42.31, 41.49]","[54.92, 54.54, 52.42, 48.7, 44.34, 40.31, 37.74, 37.25, 37.27, 38.19, 39.77, 40.74, 40.93, 39.69, 37.46, 34.08, 31.07, 27.5, 25.64, 26.02, 27.24, 30.12, 32.84, 34.65]","[46.46, 43.59, 40.52, 37.77, 36.38, 36.11, 35.97, 35.42, 34.87, 34.02, 34.15, 34.62, 34.36, 33.95, 33.25, 33.04, 32.92, 33.16, 33.28, 33.05, 32.76, 32.81, 33.51, 34.41]","[58.67, 56.14, 53.39, 50.34, 48.09, 44.83, 41.81, 40.94, 38.2, 38.82, 37.06, 38.3, 37.41, 36.67, 36.35, 36.44, 36.38, 35.77, 35.03, 34.65, 36.74, 36.96, 37.09, 37.05]",28.48,"OpenAQ '3S Center Paso De Blas' (1711m), mean of 22 hourly readings 2026-10-04 00:00-2026-10-05 00:00 UTC",2026-10-07T12:18:25.665009+00:00
2026-10-05T00:00:00+00:00,Valenzuela,"OpenAQ (ground sensor) [fine-tuned, C regularised] [backfilled hindcast]",40,"[31.21, 27.04, 23.14, 20.95, 20.29, 21.12, 23.21, 26.45, 29.64, 32.21, 34.69, 36.52, 37.12, 36.73, 36.07, 34.44, 33.12, 33.4, 35.46, 37.38, 38.55, 39.04, 38.61, 36.7]","[27.75, 26.3, 24.77, 23.03, 21.91, 22.11, 22.64, 23.69, 25.09, 27.03, 29.09, 30.5, 31.19, 31.27, 31.09, 30.12, 29.28, 28.54, 28.83, 31.08, 34.66, 37.79, 39.38, 39.53]","[28.03, 28.04, 27.6, 26.77, 26.31, 26.47, 27.39, 28.05, 28.22, 28.18, 28.28, 28.33, 27.94, 27.16, 25.94, 25.96, 26.16, 26.54, 26.97, 27.55, 28.41, 30.32, 32.29, 33.9]","[29.95, 28.87, 28.03, 28.08, 26.72, 26.8, 25.9, 27.57, 27.2, 28.48, 29.56, 30.57, 30.75, 29.75, 31.39, 30.72, 32.53, 31.89, 33.02, 32.75, 33.83, 34.36, 33.98, 34.24]",27.96,"OpenAQ '3S Center Paso De Blas' (1711m), mean of 18 hourly readings 2026-10-05 00:00-2026-10-06 00:00 UTC",2026-10-07T12:18:25.738549+00:00
2026-09-30T00:00:00+00:00,Pasig,"OpenAQ (ground sensor) [fine-tuned, C regularised] [backfilled hindcast]",41,"[28.89, 28.1, 26.06, 23.21, 21.48, 20.95, 21.03, 21.38, 22.52, 24.54, 26.87, 28.23, 28.66, 29.48, 30.71, 31.19, 30.24, 28.21, 26.39, 26.32, 26.91, 27.48, 27.75, 28.46]","[38.38, 35.68, 32.61, 29.57, 27.31, 26.25, 26.56, 27.16, 27.46, 27.53, 27.0, 25.81, 24.26, 22.54, 21.06, 19.91, 19.47, 18.66, 18.47, 19.29, 20.32, 21.29, 21.79, 22.4]","[30.31, 29.92, 31.1, 32.81, 33.74, 33.51, 32.36, 31.26, 31.03, 31.05, 31.07, 30.96, 30.36, 29.76, 28.8, 28.04, 27.76, 27.75, 27.85, 27.5, 26.79, 26.28, 26.07, 26.11]","[38.59, 36.94, 36.2, 35.34, 34.23, 33.15, 31.27, 32.14, 31.3, 30.86, 30.43, 30.96, 31.15, 30.08, 29.87, 29.7, 30.25, 30.07, 29.7, 28.79, 30.46, 30.23, 30.7, 30.68]",36.9,"OpenAQ 'Along Shaw Blvd.' (3065m), mean of 24 hourly readings 2026-09-30 00:00-2026-10-01 00:00 UTC",2026-10-07T12:18:30.044552+00:00
2026-10-01T00:00:00+00:00,Pasig,"OpenAQ (ground sensor) [fine-tuned, C regularised] [backfilled hindcast]",45,"[28.62, 30.29, 31.33, 32.06, 32.92, 32.95, 32.08, 31.16, 30.85, 31.78, 34.11, 36.69, 37.91, 37.26, 35.54, 33.14, 30.57, 27.9, 25.22, 23.43, 23.25, 24.56, 27.03, 29.68]","[29.44, 28.09, 27.84, 28.25, 29.16, 29.61, 29.55, 28.92, 27.25, 25.93, 25.47, 25.31, 25.89, 26.38, 26.55, 26.23, 26.03, 25.18, 24.59, 24.9, 25.42, 25.99, 26.27, 26.23]","[26.94, 29.52, 31.86, 32.97, 32.25, 30.32, 28.8, 28.13, 28.38, 28.69, 28.93, 28.92, 28.38, 27.95, 27.25, 26.88, 26.6, 26.11, 25.4, 24.64, 24.06, 23.78, 23.76, 24.22]","[36.14, 35.1, 34.63, 34.02, 33.81, 33.09, 31.75, 32.02, 31.44, 31.18, 30.68, 30.99, 30.95, 30.48, 30.02, 30.02, 30.48, 29.96, 29.84, 28.89, 30.43, 30.45, 30.21, 30.24]",31.22,"OpenAQ 'Along Shaw Blvd.' (3065m), mean of 18 hourly readings 2026-10-01 00:00-2026-10-02 00:00 UTC",2026-10-07T12:18:30.090636+00:00
2026-10-03T00:00:00+00:00,Pasig,"OpenAQ (ground sensor) [fine-tuned, C regularised] [backfilled hindcast]",34,"[34.6, 31.68, 27.66, 25.11, 24.47, 24.53, 25.14, 26.2, 28.07, 31.21, 34.83, 36.27, 34.36, 31.09, 28.73, 26.65, 24.73, 24.28, 25.28, 27.63, 31.41, 35.59, 38.51, 39.74]","[41.85, 37.63, 33.89, 31.49, 29.52, 28.18, 27.75, 28.84, 30.61, 32.7, 34.58, 36.28, 37.0, 36.26, 34.28, 31.11, 29.03, 28.08, 28.81, 30.66, 33.02, 34.85, 35.3, 34.54]","[38.32, 35.94, 34.02, 32.42, 31.35, 31.03, 31.18, 31.83, 32.71, 33.21, 32.81, 31.54, 30.0, 28.78, 28.1, 27.69, 26.95, 26.74, 27.24, 27.64, 28.09, 28.88, 29.33, 29.53]","[32.07, 31.21, 31.18, 30.79, 30.06, 29.61, 28.32, 29.13, 28.88, 28.61, 28.55, 28.8, 28.88, 28.22, 27.62, 27.62, 28.2, 27.49, 27.51, 26.66, 27.53, 27.52, 27.68, 27.63]",37.15,"OpenAQ 'Along Shaw Blvd.' (3065m), mean of 21 hourly readings 2026-10-03 00:00-2026-10-04 00:00 UTC",2026-10-07T12:18:30.139596+00:00
2026-10-04T00:00:00+00:00,Pasig,"OpenAQ (ground sensor) [fine-tuned, C regularised] [backfilled hindcast]",37,"[37.99, 37.21, 34.68, 32.41, 31.39, 29.94, 28.44, 27.33, 26.92, 28.44, 30.99, 31.87, 30.93, 30.31, 30.18, 29.03, 27.41, 26.3, 25.67, 26.01, 27.11, 27.97, 28.54, 29.28]","[37.11, 33.73, 30.08, 27.45, 26.3, 26.29, 26.77, 27.38, 27.5, 27.59, 27.85, 27.87, 27.96, 27.44, 26.29, 24.87, 24.23, 23.88, 24.59, 26.42, 28.87, 31.21, 32.63, 32.54]","[36.55, 33.34, 30.38, 28.3, 27.52, 27.7, 27.82, 27.45, 27.02, 26.42, 26.38, 26.43, 26.23, 25.79, 25.24, 24.85, 24.53, 24.48, 24.34, 23.62, 22.57, 21.9, 21.75, 21.58]","[35.88, 35.36, 35.07, 34.82, 34.48, 33.4, 31.92, 32.07, 31.28, 30.84, 30.39, 30.71, 30.19, 29.85, 28.84, 28.59, 28.9, 27.99, 27.79, 26.52, 27.74, 27.39, 27.21, 27.41]",24.75,"OpenAQ 'Along Shaw Blvd.' (3065m), mean of 22 hourly readings 2026-10-04 00:00-2026-10-05 00:00 UTC",2026-10-07T12:18:30.188433+00:00
2026-10-05T00:00:00+00:00,Pasig,"OpenAQ (ground sensor) [fine-tuned, C regularised] [backfilled hindcast]",43,"[30.05, 28.79, 27.57, 27.18, 27.39, 26.98, 25.85, 25.36, 25.78, 27.05, 29.09, 30.85, 31.43, 31.64, 32.1, 31.98, 31.18, 30.23, 29.26, 28.8, 29.28, 31.06, 32.78, 33.3]","[29.39, 28.94, 27.66, 25.24, 22.35, 19.74, 18.27, 17.94, 17.93, 17.98, 17.78, 16.91, 15.82, 14.62, 13.64, 13.27, 14.08, 15.32, 17.44, 20.66, 23.97, 26.18, 27.2, 27.61]","[25.84, 26.5, 27.13, 27.08, 26.16, 24.84, 23.88, 23.23, 22.98, 22.59, 22.07, 21.55, 21.19, 20.69, 19.95, 19.72, 19.62, 19.59, 19.49, 19.27, 19.07, 19.24, 19.66, 20.53]","[31.68, 29.82, 29.09, 28.25, 26.64, 26.37, 24.49, 25.27, 24.71, 24.1, 24.39, 25.05, 25.01, 24.3, 24.72, 24.32, 25.46, 25.18, 25.46, 25.08, 26.17, 26.41, 27.19, 27.2]",28.82,"OpenAQ 'Along Shaw Blvd.' (3065m), mean of 22 hourly readings 2026-10-05 00:00-2026-10-06 00:00 UTC",2026-10-07T12:18:30.241460+00:00
2026-09-30T00:00:00+00:00,Makati,"OpenAQ (ground sensor) [fine-tuned, C regularised] [backfilled hindcast]",39,"[26.45, 25.97, 24.51, 22.65, 22.03, 21.95, 21.72, 21.13, 20.58, 20.11, 19.83, 19.61, 19.59, 20.24, 21.53, 22.97, 23.95, 24.26, 23.65, 22.99, 22.45, 22.15, 21.68, 21.4]","[25.92, 25.32, 25.04, 24.43, 23.73, 22.72, 20.75, 18.55, 16.45, 14.91, 14.3, 14.61, 15.18, 15.24, 15.11, 14.76, 15.27, 16.29, 17.8, 19.96, 22.03, 23.04, 23.53, 23.46]","[36.42, 34.51, 33.16, 32.11, 31.12, 30.44, 29.99, 29.78, 29.76, 29.38, 28.99, 28.57, 27.8, 27.2, 26.82, 26.79, 26.94, 27.33, 27.67, 27.47, 26.96, 26.67, 26.7, 26.76]","[28.84, 28.19, 27.88, 28.21, 28.4, 27.52, 26.51, 27.3, 27.47, 27.48, 28.14, 29.12, 29.51, 29.45, 29.56, 29.54, 30.1, 29.33, 28.95, 27.89, 28.58, 28.26, 28.03, 27.48]",31.52,"OpenAQ 'Makati Avenue  - Antonio Arnaiz Avenue Intersection' (502m), mean of 23 hourly readings 2026-09-30 00:00-2026-10-01 00:00 UTC",2026-10-07T12:18:32.396853+00:00
2026-10-01T00:00:00+00:00,Makati,"OpenAQ (ground sensor) [fine-tuned, C regularised] [backfilled hindcast]",43,"[27.62, 27.87, 27.74, 27.73, 27.53, 26.34, 24.57, 23.35, 22.81, 23.22, 24.61, 26.41, 28.34, 30.8, 33.32, 33.83, 32.24, 30.05, 28.49, 27.7, 27.09, 26.35, 25.45, 24.89]","[29.75, 30.97, 32.12, 32.63, 31.83, 30.18, 28.29, 27.27, 26.76, 27.15, 28.03, 28.87, 29.8, 29.62, 29.3, 28.7, 29.07, 29.81, 30.9, 32.48, 34.02, 35.4, 36.76, 37.69]","[33.23, 33.37, 33.5, 33.34, 32.82, 31.92, 30.72, 29.7, 29.34, 29.31, 29.49, 29.44, 28.85, 28.31, 27.75, 27.64, 27.6, 27.59, 27.48, 27.15, 26.73, 26.75, 27.29, 28.0]","[36.18, 34.51, 34.04, 33.28, 32.39, 31.4, 29.58, 30.08, 29.09, 28.61, 28.24, 28.74, 28.84, 28.13, 28.13, 28.08, 28.83, 28.74, 28.75, 28.06, 30.31, 30.23, 30.52, 30.7]",27.98,"OpenAQ 'Makati Avenue  - Antonio Arnaiz Avenue Intersection' (502m), mean of 19 hourly readings 2026-10-01 00:00-2026-10-02 00:00 UTC",2026-10-07T12:18:32.523361+00:00
2026-10-03T00:00:00+00:00,Makati,"OpenAQ (ground sensor) [fine-tuned, C regularised] [backfilled hindcast]",35,"[36.83, 34.06, 29.12, 25.5, 23.79, 22.43, 21.68, 22.16, 24.37, 27.62, 30.37, 30.87, 29.03, 26.82, 25.2, 23.01, 20.49, 18.92, 18.35, 19.87, 25.04, 32.09, 36.83, 37.75]","[41.01, 37.32, 32.5, 28.25, 24.86, 22.72, 22.23, 23.06, 24.04, 26.0, 27.88, 28.7, 29.71, 30.29, 30.63, 30.44, 30.02, 29.13, 28.72, 29.17, 31.01, 34.18, 37.18, 39.42]","[34.81, 34.15, 32.77, 30.8, 28.92, 27.63, 27.16, 27.17, 27.33, 27.27, 27.22, 26.92, 26.38, 26.25, 26.64, 27.1, 26.9, 26.79, 26.81, 27.06, 27.5, 28.32, 29.47, 30.43]","[33.71, 32.51, 31.97, 31.16, 30.84, 30.32, 29.39, 30.16, 30.24, 30.22, 30.42, 30.45, 30.81, 30.53, 30.38, 30.56, 30.76, 30.09, 29.97, 29.57, 29.84, 29.88, 29.95, 29.5]",36.28,"OpenAQ 'Makati Avenue  - Antonio Arnaiz Avenue Intersection' (502m), mean of 20 hourly readings 2026-10-03 00:00-2026-10-04 00:00 UTC",2026-10-07T12:18:32.578159+00:00
2026-10-04T00:00:00+00:00,Makati,"OpenAQ (ground sensor) [fine-tuned, C regularised] [backfilled hindcast]",36,"[39.93, 37.93, 32.39, 27.52, 25.92, 24.9, 24.06, 23.51, 24.65, 28.84, 34.33, 35.68, 32.64, 29.37, 28.0, 26.94, 25.19, 23.87, 23.46, 24.93, 28.28, 30.87, 31.17, 30.21]","[50.39, 47.59, 42.37, 36.87, 32.35, 29.78, 29.56, 30.54, 31.35, 32.79, 33.7, 32.7, 31.56, 30.62, 29.87, 28.9, 28.34, 26.88, 26.26, 27.52, 30.52, 34.95, 39.29, 42.34]","[41.27, 38.84, 35.63, 32.54, 30.23, 29.0, 28.79, 29.08, 29.16, 28.25, 27.4, 27.06, 26.84, 26.55, 26.23, 26.44, 26.67, 27.19, 27.6, 27.28, 26.98, 27.42, 28.11, 28.44]","[37.98, 36.84, 36.46, 35.52, 35.37, 34.7, 33.12, 33.58, 32.75, 32.55, 32.15, 32.15, 32.41, 32.16, 31.71, 31.99, 32.55, 31.96, 32.17, 31.42, 32.97, 33.13, 33.01, 32.75]",19.04,"OpenAQ 'Makati Avenue  - Antonio Arnaiz Avenue Intersection' (502m), mean of 22 hourly readings 2026-10-04 00:00-2026-10-05 00:00 UTC",2026-10-07T12:18:32.626093+00:00
2026-10-05T00:00:00+00:00,Makati,"OpenAQ (ground sensor) [fine-tuned, C regularised] [backfilled hindcast]",42,"[25.39, 24.23, 23.37, 23.45, 23.97, 24.27, 24.02, 23.91, 24.25, 24.55, 24.3, 23.49, 22.88, 22.87, 23.45, 24.27, 25.61, 27.31, 28.82, 29.83, 30.5, 31.1, 31.03, 30.11]","[20.34, 20.54, 19.92, 18.55, 16.9, 15.7, 15.43, 15.58, 15.97, 16.25, 15.76, 14.44, 13.31, 12.97, 13.48, 14.32, 15.34, 16.27, 17.64, 20.4, 24.11, 27.46, 30.27, 32.04]","[23.51, 23.56, 23.83, 23.94, 23.72, 23.23, 23.11, 22.71, 22.34, 21.64, 20.81, 20.55, 20.51, 19.82, 18.35, 17.51, 17.17, 17.5, 18.21, 18.95, 20.04, 21.67, 22.95, 24.16]","[26.32, 24.9, 23.89, 23.64, 22.28, 22.16, 20.66, 20.96, 20.48, 20.29, 20.72, 21.4, 20.92, 20.82, 21.91, 21.36, 22.73, 22.75, 23.65, 23.75, 24.72, 24.99, 25.59, 25.81]",24.29,"OpenAQ 'Makati Avenue  - Antonio Arnaiz Avenue Intersection' (502m), mean of 18 hourly readings 2026-10-05 00:00-2026-10-06 00:00 UTC",2026-10-07T12:18:32.677382+00:00
2026-09-30T00:00:00+00:00,Mandaluyong,"OpenAQ (ground sensor) [fine-tuned, C regularised] [backfilled hindcast]",38,"[28.52, 28.13, 26.92, 24.81, 23.26, 22.59, 22.19, 21.59, 20.87, 19.65, 18.39, 17.54, 17.3, 17.78, 19.38, 21.45, 22.81, 23.37, 23.57, 24.04, 24.43, 24.4, 23.44, 22.32]","[27.07, 26.22, 24.91, 23.21, 21.42, 19.43, 17.58, 16.1, 14.87, 14.21, 14.1, 14.09, 14.31, 14.34, 14.44, 14.65, 15.25, 15.69, 16.35, 17.69, 19.23, 20.46, 21.43, 22.22]","[26.39, 26.14, 26.56, 27.07, 27.24, 27.23, 27.05, 26.8, 26.62, 26.21, 25.73, 25.36, 24.93, 24.93, 25.11, 25.55, 25.87, 25.89, 25.76, 25.4, 24.72, 23.93, 23.51, 23.34]","[29.49, 28.52, 28.04, 27.65, 27.02, 26.23, 24.92, 24.98, 24.74, 24.17, 24.18, 24.66, 24.82, 24.38, 24.12, 24.31, 24.68, 24.1, 24.08, 23.62, 24.23, 24.14, 24.53, 24.11]",28.28,"OpenAQ 'J.P. Rizal Avenue corner Camia' (1371m), mean of 19 hourly readings 2026-09-30 00:00-2026-10-01 00:00 UTC",2026-10-07T12:18:37.901412+00:00
2026-10-01T00:00:00+00:00,Mandaluyong,"OpenAQ (ground sensor) [fine-tuned, C regularised] [backfilled hindcast]",40,"[27.55, 26.18, 24.1, 22.67, 22.24, 22.12, 21.89, 21.95, 22.39, 23.6, 25.54, 27.21, 28.22, 28.6, 28.64, 27.83, 26.49, 25.24, 24.23, 23.82, 24.33, 25.22, 25.92, 25.89]","[34.75, 31.92, 28.89, 26.66, 25.18, 23.98, 22.94, 22.51, 22.39, 23.3, 24.63, 26.05, 27.45, 27.99, 27.85, 26.81, 26.02, 25.39, 25.67, 26.79, 28.57, 30.86, 32.95, 34.26]","[30.91, 30.77, 29.93, 28.57, 27.17, 26.37, 26.25, 26.18, 26.05, 25.53, 25.34, 25.61, 25.62, 25.4, 24.99, 24.88, 24.83, 24.79, 24.51, 23.87, 23.19, 22.75, 22.71, 22.78]","[29.68, 28.62, 28.21, 28.07, 27.35, 26.68, 25.43, 25.72, 25.35, 24.99, 24.88, 25.24, 25.37, 24.79, 24.56, 24.62, 25.35, 24.95, 25.01, 24.49, 25.82, 25.78, 25.88, 25.86]",28.91,"OpenAQ 'J.P. Rizal Avenue corner Camia' (1371m), mean of 19 hourly readings 2026-10-01 00:00-2026-10-02 00:00 UTC",2026-10-07T12:18:37.990236+00:00
2026-10-03T00:00:00+00:00,Mandaluyong,"OpenAQ (ground sensor) [fine-tuned, C regularised] [backfilled hindcast]",36,"[31.05, 28.98, 25.0, 21.71, 20.14, 19.36, 19.16, 19.51, 20.92, 23.51, 26.55, 27.75, 26.62, 24.71, 23.13, 21.44, 19.88, 19.35, 19.7, 21.42, 24.94, 28.79, 31.5, 32.31]","[34.68, 31.56, 28.79, 26.89, 24.81, 22.42, 19.96, 18.75, 18.74, 20.25, 22.27, 24.39, 26.66, 27.82, 27.74, 26.25, 25.33, 24.91, 25.38, 26.62, 28.36, 30.58, 32.35, 33.02]","[31.14, 29.94, 28.91, 27.88, 27.03, 26.37, 26.13, 26.32, 26.93, 27.3, 27.47, 27.38, 26.76, 26.13, 25.66, 25.51, 24.9, 24.56, 24.58, 24.86, 25.29, 26.29, 27.77, 29.14]","[24.21, 23.74, 23.92, 23.57, 22.92, 22.98, 22.53, 22.98, 23.41, 23.47, 23.43, 23.53, 23.87, 23.67, 23.02, 23.21, 23.49, 22.67, 22.99, 22.63, 22.21, 22.49, 22.66, 22.35]",32.17,"OpenAQ 'J.P. Rizal Avenue corner Camia' (1371m), mean of 18 hourly readings 2026-10-03 00:00-2026-10-04 00:00 UTC",2026-10-07T12:18:38.072131+00:00
2026-10-04T00:00:00+00:00,Mandaluyong,"OpenAQ (ground sensor) [fine-tuned, C regularised] [backfilled hindcast]",35,"[39.88, 37.68, 33.07, 29.04, 26.74, 24.58, 23.17, 22.46, 22.6, 24.29, 26.84, 28.09, 27.84, 27.29, 26.68, 25.22, 23.33, 21.99, 21.23, 21.38, 22.8, 24.43, 25.48, 25.86]","[30.6, 29.1, 27.13, 25.33, 24.28, 23.85, 23.57, 23.36, 23.09, 23.35, 24.04, 24.39, 24.82, 24.69, 24.11, 23.02, 22.18, 21.12, 20.59, 21.28, 22.71, 24.72, 26.38, 27.12]","[32.0, 29.9, 27.5, 25.34, 24.19, 24.03, 24.13, 23.87, 23.66, 23.1, 22.77, 22.6, 22.39, 22.18, 22.01, 22.1, 21.94, 21.89, 21.8, 21.64, 21.47, 21.78, 22.44, 22.9]","[29.94, 29.28, 29.0, 29.05, 28.84, 28.07, 27.08, 27.45, 27.14, 27.05, 26.99, 27.19, 27.29, 26.75, 26.31, 26.24, 26.64, 26.02, 25.85, 24.92, 25.96, 25.66, 25.43, 25.48]",17.0,"OpenAQ 'J.P. Rizal Avenue corner Camia' (1371m), mean of 22 hourly readings 2026-10-04 00:00-2026-10-05 00:00 UTC",2026-10-07T12:18:38.121589+00:00
2026-10-05T00:00:00+00:00,Mandaluyong,"OpenAQ (ground sensor) [fine-tuned, C regularised] [backfilled hindcast]",40,"[26.37, 24.42, 23.31, 23.45, 23.65, 23.23, 22.48, 22.75, 23.96, 24.52, 23.74, 22.2, 20.78, 20.31, 20.78, 21.32, 22.07, 23.28, 24.62, 25.79, 27.07, 28.66, 29.53, 29.04]","[18.81, 18.89, 18.5, 17.72, 16.68, 15.6, 14.62, 13.67, 13.04, 12.96, 13.06, 12.8, 12.77, 12.75, 12.92, 13.2, 13.88, 14.7, 15.83, 17.83, 20.25, 22.47, 24.09, 25.15]","[22.14, 21.48, 21.47, 21.8, 22.07, 21.99, 21.65, 20.72, 20.15, 20.0, 19.61, 18.57, 17.39, 16.2, 15.22, 15.05, 15.2, 15.5, 15.7, 15.92, 16.65, 17.75, 18.3, 19.04]","[25.87, 24.22, 23.2, 22.68, 21.22, 21.03, 19.38, 19.7, 18.98, 18.48, 18.9, 19.68, 19.26, 18.99, 20.19, 19.59, 21.0, 21.05, 21.74, 21.95, 23.11, 23.37, 24.08, 24.3]",23.06,"OpenAQ 'J.P. Rizal Avenue corner Camia' (1371m), mean of 19 hourly readings 2026-10-05 00:00-2026-10-06 00:00 UTC",2026-10-07T12:18:38.172341+00:00
2026-09-30T00:00:00+00:00,Navotas,"OpenAQ (ground sensor) [fine-tuned, C regularised] [backfilled hindcast]",34,"[38.43, 36.63, 34.46, 32.13, 31.26, 31.66, 32.76, 34.65, 36.75, 37.2, 36.21, 35.38, 35.1, 35.1, 35.34, 34.94, 34.45, 34.99, 36.99, 39.33, 40.18, 39.07, 37.48, 36.61]","[55.18, 45.56, 37.11, 31.17, 28.26, 27.8, 30.07, 32.57, 33.85, 34.56, 33.95, 32.15, 29.8, 27.59, 25.52, 23.88, 23.69, 23.35, 24.18, 26.1, 28.88, 31.55, 33.29, 34.21]","[43.46, 40.43, 36.69, 33.92, 33.8, 35.64, 36.79, 36.87, 36.31, 35.79, 35.71, 35.32, 34.58, 33.39, 31.9, 30.92, 30.46, 30.86, 31.6, 31.78, 31.97, 32.43, 32.24, 31.63]","[43.27, 41.23, 40.33, 38.83, 38.01, 37.12, 34.72, 36.11, 34.84, 34.72, 34.26, 34.8, 35.01, 34.13, 34.31, 34.39, 35.05, 34.9, 34.9, 34.04, 36.08, 36.34, 36.48, 36.27]",41.05,"OpenAQ 'Barangay Tanza 2 Hall' (947m), mean of 21 hourly readings 2026-09-30 00:00-2026-10-01 00:00 UTC",2026-10-07T12:18:43.658062+00:00
2026-10-01T00:00:00+00:00,Navotas,"OpenAQ (ground sensor) [fine-tuned, C regularised] [backfilled hindcast]",39,"[37.95, 35.67, 33.21, 31.31, 30.42, 29.89, 29.81, 30.7, 32.59, 34.84, 36.59, 37.02, 35.99, 34.92, 34.59, 33.42, 31.57, 30.19, 29.81, 30.86, 33.39, 35.97, 36.89, 36.29]","[47.75, 40.0, 32.25, 26.08, 22.54, 21.04, 21.37, 23.49, 26.12, 29.41, 32.25, 33.82, 34.09, 33.37, 32.19, 30.68, 29.78, 29.34, 29.86, 31.75, 34.49, 37.0, 39.23, 41.51]","[51.2, 50.45, 48.83, 46.4, 42.91, 39.54, 37.45, 36.47, 36.27, 36.45, 37.14, 37.1, 36.47, 35.9, 34.9, 34.21, 33.42, 32.71, 32.36, 31.73, 31.69, 32.95, 34.38, 35.48]","[55.5, 51.66, 49.35, 45.21, 44.15, 42.0, 39.45, 40.33, 38.41, 38.92, 39.27, 40.02, 40.5, 39.74, 40.32, 41.23, 40.44, 39.23, 38.68, 38.64, 39.37, 39.57, 39.82, 38.75]",33.24,"OpenAQ 'Barangay Tanza 2 Hall' (947m), mean of 19 hourly readings 2026-10-01 00:00-2026-10-02 00:00 UTC",2026-10-07T12:18:43.759325+00:00
2026-10-03T00:00:00+00:00,Navotas,"OpenAQ (ground sensor) [fine-tuned, C regularised] [backfilled hindcast]",36,"[41.0, 37.51, 33.16, 30.22, 29.29, 29.2, 29.8, 31.13, 32.91, 34.66, 36.37, 37.28, 37.23, 36.72, 35.97, 35.15, 34.93, 34.62, 33.55, 32.86, 33.77, 35.84, 37.48, 38.02]","[48.76, 46.51, 43.03, 39.46, 36.07, 33.19, 32.27, 33.25, 34.24, 35.79, 37.56, 37.74, 37.43, 36.82, 35.78, 34.48, 33.74, 32.33, 31.9, 32.91, 34.37, 36.44, 37.77, 38.86]","[41.43, 39.95, 39.44, 39.6, 39.5, 38.51, 36.25, 34.2, 33.5, 34.07, 35.23, 35.81, 35.47, 34.56, 33.5, 33.2, 33.3, 32.99, 32.2, 31.33, 30.91, 31.08, 31.48, 32.02]","[42.93, 38.9, 37.1, 32.93, 30.8, 30.0, 27.77, 27.72, 27.64, 26.85, 27.41, 28.08, 28.47, 27.67, 27.89, 28.82, 28.34, 28.39, 28.58, 28.91, 28.6, 29.59, 30.7, 29.92]",41.86,"OpenAQ 'Barangay Tanza 2 Hall' (947m), mean of 19 hourly readings 2026-10-03 00:00-2026-10-04 00:00 UTC",2026-10-07T12:18:43.811287+00:00
2026-10-04T00:00:00+00:00,Navotas,"OpenAQ (ground sensor) [fine-tuned, C regularised] [backfilled hindcast]",36,"[47.93, 43.78, 38.47, 34.52, 32.86, 32.25, 33.08, 35.28, 38.45, 41.94, 45.3, 46.3, 45.1, 43.79, 42.9, 41.4, 40.36, 40.96, 42.11, 42.79, 43.47, 44.35, 44.91, 45.11]","[56.47, 54.06, 50.3, 46.13, 42.27, 38.83, 36.1, 34.98, 34.09, 34.62, 36.11, 37.04, 37.24, 36.35, 34.72, 31.93, 30.07, 27.53, 26.48, 27.34, 29.15, 32.48, 35.43, 37.33]","[45.12, 42.57, 39.18, 36.28, 34.65, 34.19, 34.46, 35.21, 35.59, 35.5, 35.6, 35.53, 35.01, 34.45, 33.82, 33.72, 33.73, 34.33, 35.47, 36.03, 36.17, 36.22, 36.03, 35.56]","[46.11, 44.25, 42.97, 40.77, 40.66, 39.44, 37.54, 37.34, 36.44, 36.25, 35.55, 35.88, 35.77, 35.6, 35.62, 36.5, 36.24, 35.7, 35.69, 35.68, 37.28, 37.68, 37.68, 36.96]",29.19,"OpenAQ 'Barangay Tanza 2 Hall' (947m), mean of 22 hourly readings 2026-10-04 00:00-2026-10-05 00:00 UTC",2026-10-07T12:18:43.858916+00:00
2026-09-30T00:00:00+00:00,Pasay,"OpenAQ (ground sensor) [fine-tuned, C regularised] [backfilled hindcast]",37,"[38.78, 37.49, 34.51, 31.84, 30.91, 29.72, 28.54, 27.85, 28.37, 31.24, 34.95, 34.74, 30.72, 27.74, 26.58, 24.98, 22.7, 21.45, 20.76, 21.37, 23.78, 26.63, 28.24, 29.15]","[46.24, 44.06, 40.46, 35.11, 28.59, 24.49, 23.92, 24.86, 26.26, 27.82, 28.54, 27.14, 26.02, 25.64, 25.9, 25.67, 25.63, 25.41, 25.34, 27.19, 30.12, 33.05, 35.87, 38.63]","[40.52, 37.41, 34.21, 31.71, 30.36, 29.75, 30.04, 31.22, 31.73, 31.15, 30.75, 31.6, 32.97, 33.47, 33.25, 32.82, 32.39, 32.78, 33.57, 33.83, 33.71, 34.15, 34.82, 35.02]","[52.45, 50.99, 49.92, 48.57, 48.93, 47.4, 44.43, 46.18, 43.15, 42.17, 42.31, 41.26, 41.3, 39.87, 40.83, 41.32, 41.18, 40.82, 40.67, 40.87, 43.13, 42.01, 43.38, 43.15]",64.96,"OpenAQ 'Santa Clara - Pasay City General Hospital' (1235m), mean of 23 hourly readings 2026-09-30 00:00-2026-10-01 00:00 UTC",2026-10-07T12:18:49.347381+00:00
2026-10-01T00:00:00+00:00,Pasay,"OpenAQ (ground sensor) [fine-tuned, C regularised] [backfilled hindcast]",42,"[33.65, 31.29, 29.73, 28.65, 27.6, 25.82, 25.37, 25.47, 24.38, 26.2, 32.54, 36.5, 30.94, 22.51, 19.98, 20.21, 18.62, 17.98, 17.9, 18.33, 20.12, 23.62, 26.37, 28.55]","[45.86, 40.51, 37.22, 35.46, 33.94, 32.68, 30.97, 30.11, 30.27, 31.03, 33.35, 36.8, 39.79, 40.41, 40.79, 38.93, 36.28, 35.57, 35.69, 37.6, 39.79, 41.62, 43.51, 43.52]","[36.13, 35.51, 33.58, 31.23, 28.74, 26.94, 26.99, 28.16, 29.27, 30.56, 31.3, 30.76, 29.84, 28.89, 28.12, 28.12, 28.2, 28.8, 29.99, 30.71, 31.01, 31.5, 32.11, 32.95]","[51.47, 53.42, 51.56, 49.12, 51.24, 49.78, 47.57, 47.78, 43.53, 41.15, 38.98, 35.88, 33.64, 32.16, 35.43, 35.27, 33.51, 34.98, 33.12, 36.51, 37.68, 36.18, 39.11, 38.68]",44.3,"OpenAQ 'Santa Clara - Pasay City General Hospital' (1235m), mean of 18 hourly readings 2026-10-01 00:00-2026-10-02 00:00 UTC",2026-10-07T12:18:49.455682+00:00
2026-10-04T00:00:00+00:00,Pasay,"OpenAQ (ground sensor) [fine-tuned, C regularised] [backfilled hindcast]",33,"[37.18, 39.68, 35.28, 29.66, 29.63, 30.95, 30.26, 28.64, 32.04, 40.54, 48.14, 43.73, 32.87, 28.3, 28.84, 27.16, 23.32, 23.86, 28.2, 32.63, 35.66, 37.95, 39.96, 41.32]","[38.32, 41.63, 41.62, 37.49, 32.0, 28.79, 29.12, 31.11, 33.22, 35.61, 36.29, 34.71, 32.72, 30.31, 29.11, 28.23, 27.69, 26.83, 27.02, 29.41, 33.09, 37.38, 41.24, 44.68]","[37.06, 33.04, 29.76, 27.5, 26.25, 25.66, 25.5, 25.82, 26.21, 26.46, 26.5, 26.37, 26.09, 25.16, 24.16, 23.44, 22.76, 23.06, 23.94, 24.21, 24.57, 25.9, 27.12, 27.33]","[43.81, 43.52, 43.11, 40.83, 41.01, 40.09, 38.76, 38.96, 36.84, 35.74, 34.66, 35.44, 34.92, 33.51, 33.34, 33.87, 33.36, 34.66, 34.76, 34.54, 35.72, 36.3, 36.66, 37.95]",26.71,"OpenAQ 'Santa Clara - Pasay City General Hospital' (1235m), mean of 22 hourly readings 2026-10-04 00:00-2026-10-05 00:00 UTC",2026-10-07T12:18:49.534045+00:00
2026-10-05T00:00:00+00:00,Pasay,"OpenAQ (ground sensor) [fine-tuned, C regularised] [backfilled hindcast]",39,"[29.73, 27.37, 23.81, 21.84, 21.93, 22.73, 23.69, 25.35, 28.05, 30.73, 32.51, 32.07, 30.63, 29.68, 29.18, 28.24, 27.71, 28.6, 30.3, 31.99, 33.82, 35.4, 35.64, 34.49]","[29.41, 28.04, 26.63, 24.87, 22.85, 21.47, 21.18, 21.59, 22.4, 23.54, 23.31, 21.78, 19.94, 18.54, 18.03, 18.32, 19.97, 22.13, 24.85, 28.21, 31.36, 33.16, 33.98, 34.5]","[34.09, 33.7, 32.08, 29.42, 26.97, 25.56, 25.98, 27.32, 28.3, 29.07, 29.21, 28.9, 28.86, 29.27, 29.64, 30.03, 29.62, 29.11, 28.84, 29.12, 30.11, 32.08, 34.3, 36.34]","[29.04, 28.53, 28.0, 28.23, 27.52, 27.68, 26.9, 27.58, 27.85, 28.01, 28.07, 28.11, 28.12, 27.67, 27.55, 27.08, 27.69, 27.51, 28.14, 27.52, 27.58, 28.13, 28.12, 27.91]",35.38,"OpenAQ 'Santa Clara - Pasay City General Hospital' (1235m), mean of 18 hourly readings 2026-10-05 00:00-2026-10-06 00:00 UTC",2026-10-07T12:18:49.590601+00:00
2026-09-30T00:00:00+00:00,San_Juan,"OpenAQ (ground sensor) [fine-tuned, C regularised] [backfilled hindcast]",35,"[29.66, 29.61, 28.52, 26.59, 25.67, 25.44, 24.7, 23.07, 21.1, 19.56, 18.85, 18.66, 18.91, 19.6, 21.78, 25.19, 28.08, 29.31, 29.37, 29.47, 28.85, 27.54, 25.86, 24.81]","[30.94, 28.47, 26.11, 24.1, 22.96, 22.29, 22.04, 21.47, 20.46, 19.25, 18.16, 17.21, 16.7, 16.34, 16.39, 16.83, 17.77, 18.74, 19.81, 21.54, 23.28, 24.24, 24.58, 24.72]","[29.59, 28.49, 28.43, 29.12, 30.27, 31.94, 33.03, 33.03, 32.54, 32.28, 31.56, 30.66, 30.08, 29.81, 29.18, 29.37, 29.9, 30.33, 31.4, 32.36, 32.0, 30.8, 29.54, 28.69]","[33.7, 32.6, 32.12, 31.82, 31.13, 30.35, 28.8, 29.49, 28.83, 28.45, 28.16, 28.39, 28.58, 27.78, 27.61, 27.56, 28.22, 27.98, 27.97, 27.26, 28.88, 28.73, 28.86, 28.9]",32.05,"OpenAQ 'San Juan Mini Park' (738m), mean of 19 hourly readings 2026-09-30 00:00-2026-10-01 00:00 UTC",2026-10-07T12:18:53.585383+00:00
2026-10-01T00:00:00+00:00,San_Juan,"OpenAQ (ground sensor) [fine-tuned, C regularised] [backfilled hindcast]",38,"[23.94, 25.16, 26.18, 27.81, 29.8, 30.04, 28.03, 25.85, 24.27, 23.65, 23.68, 24.05, 25.12, 27.38, 30.11, 31.28, 30.6, 29.1, 27.56, 26.05, 24.25, 22.57, 21.67, 21.38]","[32.11, 30.38, 29.41, 29.22, 29.34, 29.14, 28.31, 27.38, 26.22, 25.85, 26.27, 27.39, 28.92, 29.77, 30.28, 30.19, 30.39, 30.37, 30.5, 31.0, 31.35, 31.6, 32.25, 33.1]","[25.91, 29.93, 33.28, 34.88, 34.79, 33.97, 33.27, 32.15, 31.45, 30.71, 30.14, 29.26, 28.17, 27.45, 26.41, 26.01, 25.93, 25.42, 24.61, 23.93, 23.26, 23.12, 23.45, 24.38]","[34.72, 33.89, 33.51, 32.97, 32.4, 31.33, 30.25, 30.05, 29.48, 29.42, 28.91, 29.29, 29.13, 28.67, 28.04, 28.02, 28.25, 27.56, 27.17, 26.43, 27.55, 27.34, 27.24, 27.35]",25.17,"OpenAQ 'San Juan Mini Park' (738m), mean of 19 hourly readings 2026-10-01 00:00-2026-10-02 00:00 UTC",2026-10-07T12:18:53.675267+00:00
2026-10-03T00:00:00+00:00,San_Juan,"OpenAQ (ground sensor) [fine-tuned, C regularised] [backfilled hindcast]",36,"[28.05, 25.35, 22.59, 21.03, 20.77, 20.85, 20.85, 20.84, 20.86, 21.22, 21.07, 19.92, 18.75, 18.91, 20.05, 21.12, 21.97, 22.62, 23.47, 24.55, 24.96, 24.29, 22.8, 21.12]","[34.83, 32.32, 30.13, 28.68, 27.54, 26.75, 25.96, 25.83, 25.86, 26.03, 26.25, 26.53, 26.48, 26.25, 26.43, 26.63, 28.05, 30.06, 32.38, 35.01, 37.3, 37.47, 36.09, 34.53]","[31.82, 31.03, 30.49, 29.82, 28.92, 28.06, 28.28, 29.65, 31.38, 32.47, 32.13, 30.79, 29.36, 28.83, 28.78, 28.56, 28.01, 27.95, 28.35, 28.62, 29.15, 29.9, 30.29, 30.47]","[33.22, 32.33, 31.85, 30.97, 30.7, 30.18, 29.08, 28.88, 28.86, 28.41, 27.68, 28.08, 27.89, 27.82, 27.23, 27.49, 27.76, 27.52, 27.21, 26.84, 27.67, 28.04, 27.75, 27.65]",37.94,"OpenAQ 'San Juan Mini Park' (738m), mean of 18 hourly readings 2026-10-03 00:00-2026-10-04 00:00 UTC",2026-10-07T12:18:53.771093+00:00
2026-10-04T00:00:00+00:00,San_Juan,"OpenAQ (ground sensor) [fine-tuned, C regularised] [backfilled hindcast]",35,"[30.65, 30.55, 29.98, 29.43, 28.96, 27.55, 25.95, 24.81, 24.21, 24.81, 26.3, 27.61, 29.1, 31.2, 32.97, 32.56, 30.57, 28.52, 26.65, 25.79, 25.92, 26.51, 26.96, 27.48]","[37.61, 34.6, 31.89, 29.78, 28.96, 29.01, 28.69, 28.13, 27.23, 26.94, 27.27, 28.31, 29.6, 29.98, 30.02, 29.43, 29.23, 28.72, 28.54, 29.06, 29.8, 30.55, 31.2, 31.7]","[38.11, 35.76, 33.67, 32.46, 32.94, 34.21, 34.65, 34.01, 33.23, 33.02, 33.67, 33.88, 33.32, 32.55, 31.4, 30.78, 30.5, 30.46, 30.39, 30.46, 30.58, 31.28, 32.26, 33.18]","[35.89, 35.15, 35.01, 34.69, 34.85, 34.41, 33.25, 33.85, 33.38, 33.66, 33.49, 33.66, 33.77, 33.3, 32.76, 32.84, 33.45, 32.79, 32.99, 31.65, 33.5, 33.63, 32.79, 33.04]",21.79,"OpenAQ 'San Juan Mini Park' (738m), mean of 22 hourly readings 2026-10-04 00:00-2026-10-05 00:00 UTC",2026-10-07T12:18:53.825471+00:00
2026-10-07T12:19:57.964387+00:00,Manila,"NASA GEOS-CF v2 (S3, live)",27,"[15.29, 15.9, 15.72, 15.43, 15.09, 14.38, 14.12, 14.25, 14.33, 14.02, 14.26, 13.72, 13.52, 14.08, 14.18, 13.96, 13.93, 13.88, 13.67, 13.59, 13.2, 12.51, 12.5, 12.37]","[13.97, 12.07, 14.02, 15.87, 14.88, 14.39, 12.89, 10.32, 11.95, 14.49, 14.18, 13.68, 13.17, 13.44, 13.81, 13.02, 11.25, 8.77, 8.58, 13.04, 17.66, 16.49, 12.81, 9.59]","[20.58, 20.98, 20.75, 20.2, 19.51, 18.57, 16.97, 14.71, 13.36, 12.24, 11.33, 10.92, 10.58, 10.51, 10.17, 10.32, 10.88, 12.01, 13.51, 15.18, 16.66, 18.82, 21.71, 23.32]","[29.27, 27.04, 25.3, 21.17, 19.63, 18.53, 16.84, 17.84, 13.89, 14.02, 12.89, 13.0, 12.68, 12.48, 14.1, 13.2, 14.0, 13.85, 15.13, 15.23, 14.63, 15.29, 16.0, 15.46]",,,
