,temperature_2m,relative_humidity_2m,precipitation,wind_speed_10m,wind_direction_10m,surface_pressure,boundary_layer_height
2026-08-12 00:00:00+00:00,27.4,86.0,0.2,16.9,223.0,1005.3,400.0
2026-08-12 01:00:00+00:00,27.8,84.0,0.7,18.1,220.0,1006.0,430.0
2026-08-12 02:00:00+00:00,28.6,81.0,1.4,14.8,219.0,1006.0,730.0
2026-08-12 03:00:00+00:00,27.0,87.0,5.8,21.4,227.0,1006.6,605.0
2026-08-12 04:00:00+00:00,27.6,83.0,2.2,23.2,227.0,1006.4,695.0
2026-08-12 05:00:00+00:00,27.9,83.0,2.0,20.1,231.0,1005.7,665.0
2026-08-12 06:00:00+00:00,27.8,86.0,1.1,8.0,228.0,1005.1,595.0
2026-08-12 07:00:00+00:00,28.6,80.0,0.3,11.1,236.0,1004.8,655.0
2026-08-12 08:00:00+00:00,27.1,91.0,2.6,13.5,227.0,1004.9,560.0
2026-08-12 09:00:00+00:00,26.8,93.0,2.0,12.5,223.0,1004.8,505.0
2026-08-12 10:00:00+00:00,26.7,93.0,2.9,10.4,234.0,1005.6,470.0
2026-08-12 11:00:00+00:00,26.7,93.0,2.4,7.1,236.0,1006.2,370.0
2026-08-12 12:00:00+00:00,27.2,91.0,3.2,9.5,238.0,1006.4,535.0
2026-08-12 13:00:00+00:00,26.8,92.0,3.1,13.6,229.0,1007.0,430.0
2026-08-12 14:00:00+00:00,26.7,91.0,2.6,17.2,225.0,1007.5,545.0
2026-08-12 15:00:00+00:00,26.5,91.0,2.4,16.9,224.0,1007.9,545.0
2026-08-12 16:00:00+00:00,26.5,92.0,1.7,15.2,223.0,1007.0,490.0
2026-08-12 17:00:00+00:00,26.6,91.0,1.1,13.3,230.0,1006.3,530.0
2026-08-12 18:00:00+00:00,26.5,91.0,0.6,13.5,245.0,1006.4,580.0
2026-08-12 19:00:00+00:00,26.6,91.0,0.6,9.7,220.0,1006.2,485.0
2026-08-12 20:00:00+00:00,26.4,93.0,0.9,11.1,248.0,1006.1,460.0
2026-08-12 21:00:00+00:00,26.3,94.0,1.4,4.4,243.0,1005.8,155.0
2026-08-12 22:00:00+00:00,26.3,95.0,1.3,4.2,216.0,1005.7,135.0
2026-08-12 23:00:00+00:00,26.5,94.0,1.3,5.9,223.0,1005.9,340.0
2026-08-13 00:00:00+00:00,27.1,94.0,1.2,4.2,205.0,1006.3,285.0
2026-08-13 01:00:00+00:00,27.4,90.0,0.8,12.0,216.0,1006.8,550.0
2026-08-13 02:00:00+00:00,26.7,91.0,1.9,19.9,220.0,1006.6,505.0
2026-08-13 03:00:00+00:00,27.1,90.0,2.5,21.8,218.0,1006.2,645.0
2026-08-13 04:00:00+00:00,27.7,85.0,1.2,24.2,221.0,1006.2,755.0
2026-08-13 05:00:00+00:00,27.4,85.0,1.1,24.6,221.0,1005.9,785.0
2026-08-13 06:00:00+00:00,27.5,86.0,1.1,19.1,227.0,1005.9,770.0
2026-08-13 07:00:00+00:00,27.6,85.0,0.7,20.3,228.0,1005.6,795.0
2026-08-13 08:00:00+00:00,26.9,89.0,1.9,16.6,229.0,1005.2,650.0
2026-08-13 09:00:00+00:00,27.9,85.0,0.3,16.5,224.0,1005.0,725.0
2026-08-13 10:00:00+00:00,27.6,86.0,0.1,13.8,230.0,1005.5,605.0
2026-08-13 11:00:00+00:00,26.9,86.0,0.2,18.1,228.0,1006.3,495.0
2026-08-13 12:00:00+00:00,27.6,86.0,1.1,9.3,209.0,1006.7,775.0
2026-08-13 13:00:00+00:00,27.3,85.0,0.7,16.8,232.0,1007.3,670.0
2026-08-13 14:00:00+00:00,27.6,84.0,0.1,16.8,226.0,1007.8,665.0
2026-08-13 15:00:00+00:00,27.4,84.0,0.0,17.6,221.0,1007.9,690.0
2026-08-13 16:00:00+00:00,27.2,84.0,0.2,18.5,223.0,1007.6,665.0
2026-08-13 17:00:00+00:00,26.1,88.0,1.2,23.3,223.0,1007.6,635.0
2026-08-13 18:00:00+00:00,26.7,90.0,5.3,10.7,230.0,1007.5,455.0
2026-08-13 19:00:00+00:00,26.0,93.0,1.4,9.6,213.0,1007.3,445.0
2026-08-13 20:00:00+00:00,25.6,94.0,2.7,14.5,223.0,1007.7,540.0
2026-08-13 21:00:00+00:00,25.9,91.0,1.3,16.8,215.0,1007.4,560.0
2026-08-13 22:00:00+00:00,26.2,91.0,0.9,14.3,223.0,1007.6,570.0
2026-08-13 23:00:00+00:00,26.5,90.0,0.8,16.9,214.0,1007.9,650.0
2026-08-14 00:00:00+00:00,26.4,92.0,0.4,10.7,210.0,1008.4,515.0
2026-08-14 01:00:00+00:00,26.5,90.0,1.6,16.3,226.0,1008.9,530.0
2026-08-14 02:00:00+00:00,26.9,89.0,3.2,16.9,239.0,1008.9,610.0
2026-08-14 03:00:00+00:00,26.9,91.0,3.1,16.2,225.0,1008.9,710.0
2026-08-14 04:00:00+00:00,27.1,92.0,3.1,15.2,214.0,1008.4,665.0
2026-08-14 05:00:00+00:00,27.0,91.0,4.2,18.4,219.0,1008.1,705.0
2026-08-14 06:00:00+00:00,27.3,92.0,2.2,10.0,240.0,1007.8,640.0
2026-08-14 07:00:00+00:00,28.3,83.0,0.8,13.8,244.0,1007.7,715.0
2026-08-14 08:00:00+00:00,28.1,84.0,0.3,14.8,233.0,1007.1,655.0
2026-08-14 09:00:00+00:00,27.6,85.0,0.4,13.7,235.0,1007.4,615.0
2026-08-14 10:00:00+00:00,27.2,88.0,0.2,10.7,221.0,1007.7,540.0
2026-08-14 11:00:00+00:00,27.3,87.0,0.0,13.8,220.0,1008.2,620.0
2026-08-14 12:00:00+00:00,27.8,86.0,0.1,3.8,245.0,1008.8,165.0
2026-08-14 13:00:00+00:00,27.1,89.0,0.4,6.6,209.0,1009.5,230.0
2026-08-14 14:00:00+00:00,27.1,89.0,0.1,6.1,210.0,1009.5,265.0
2026-08-14 15:00:00+00:00,26.3,90.0,0.5,12.9,230.0,1009.7,420.0
2026-08-14 16:00:00+00:00,25.8,93.0,0.9,6.6,233.0,1009.3,210.0
2026-08-14 17:00:00+00:00,26.0,93.0,0.0,3.3,225.0,1008.8,170.0
2026-08-14 18:00:00+00:00,26.2,91.0,0.0,9.7,227.0,1008.1,305.0
2026-08-14 19:00:00+00:00,26.3,91.0,0.0,4.6,219.0,1007.9,265.0
2026-08-14 20:00:00+00:00,26.4,90.0,0.0,4.1,221.0,1007.7,290.0
2026-08-14 21:00:00+00:00,26.4,90.0,0.0,2.3,238.0,1007.9,150.0
2026-08-14 22:00:00+00:00,26.2,91.0,0.3,5.7,238.0,1008.4,350.0
2026-08-14 23:00:00+00:00,26.5,91.0,0.6,8.3,213.0,1009.0,395.0
2026-08-15 00:00:00+00:00,28.5,80.0,0.1,10.0,219.0,1009.3,630.0
2026-08-15 01:00:00+00:00,29.3,76.0,0.0,12.0,221.0,1009.2,790.0
2026-08-15 02:00:00+00:00,29.7,74.0,0.1,14.5,225.0,1009.0,770.0
2026-08-15 03:00:00+00:00,29.3,81.0,0.1,17.2,224.0,1008.8,730.0
2026-08-15 04:00:00+00:00,29.7,78.0,0.0,20.9,229.0,1008.5,855.0
2026-08-15 05:00:00+00:00,29.9,77.0,0.1,20.2,227.0,1007.8,860.0
2026-08-15 06:00:00+00:00,30.6,72.0,0.0,16.9,239.0,1007.2,1015.0
2026-08-15 07:00:00+00:00,30.1,73.0,0.1,17.5,242.0,1007.2,895.0
2026-08-15 08:00:00+00:00,29.3,77.0,0.2,12.7,240.0,1007.1,775.0
2026-08-15 09:00:00+00:00,28.5,80.0,0.1,11.2,226.0,1007.3,670.0
2026-08-15 10:00:00+00:00,28.2,80.0,0.1,10.9,234.0,1008.2,595.0
2026-08-15 11:00:00+00:00,27.5,86.0,0.1,4.1,218.0,1008.7,245.0
2026-08-15 12:00:00+00:00,27.5,83.0,0.2,14.3,236.0,1008.7,440.0
2026-08-15 13:00:00+00:00,27.4,85.0,0.3,9.3,283.0,1009.5,330.0
2026-08-15 14:00:00+00:00,26.7,90.0,0.2,6.4,308.0,1009.8,250.0
2026-08-15 15:00:00+00:00,26.4,92.0,0.0,4.5,346.0,1009.4,155.0
2026-08-15 16:00:00+00:00,26.1,93.0,0.0,3.4,344.0,1009.0,150.0
2026-08-15 17:00:00+00:00,25.9,94.0,0.0,1.8,127.0,1008.1,40.0
2026-08-15 18:00:00+00:00,27.2,86.0,0.1,8.6,234.0,1007.8,550.0
2026-08-15 19:00:00+00:00,26.5,88.0,0.2,5.9,220.0,1007.7,305.0
2026-08-15 20:00:00+00:00,26.6,89.0,0.1,5.4,249.0,1007.4,365.0
2026-08-15 21:00:00+00:00,26.4,91.0,0.1,1.4,270.0,1007.3,95.0
2026-08-15 22:00:00+00:00,26.3,91.0,0.3,3.6,250.0,1007.3,170.0
2026-08-15 23:00:00+00:00,27.1,87.0,0.1,9.8,220.0,1007.6,595.0
2026-08-16 00:00:00+00:00,28.9,77.0,0.0,12.8,241.0,1008.1,840.0
2026-08-16 01:00:00+00:00,29.4,75.0,0.1,11.1,243.0,1008.1,1015.0
2026-08-16 02:00:00+00:00,29.9,75.0,0.1,15.2,228.0,1007.7,1025.0
2026-08-16 03:00:00+00:00,30.1,74.0,0.1,17.9,234.0,1007.2,975.0
2026-08-16 04:00:00+00:00,29.5,77.0,0.3,17.1,229.0,1006.9,940.0
2026-08-16 05:00:00+00:00,29.9,76.0,0.1,17.5,220.0,1006.5,1040.0
2026-08-16 06:00:00+00:00,28.7,81.0,0.4,18.2,227.0,1006.4,925.0
2026-08-16 07:00:00+00:00,27.8,82.0,1.3,20.2,236.0,1006.6,755.0
2026-08-16 08:00:00+00:00,26.6,92.0,7.5,15.7,251.0,1007.2,700.0
2026-08-16 09:00:00+00:00,26.3,91.0,2.4,8.1,233.0,1007.0,500.0
2026-08-16 10:00:00+00:00,26.3,93.0,0.9,5.3,204.0,1007.4,390.0
2026-08-16 11:00:00+00:00,26.3,93.0,0.5,4.9,204.0,1007.1,385.0
2026-08-16 12:00:00+00:00,27.0,88.0,0.5,15.8,243.0,1007.7,620.0
2026-08-16 13:00:00+00:00,26.8,90.0,0.8,11.2,251.0,1007.9,635.0
2026-08-16 14:00:00+00:00,26.9,89.0,0.8,13.5,272.0,1007.9,670.0
2026-08-16 15:00:00+00:00,26.5,93.0,0.9,7.6,326.0,1007.9,325.0
2026-08-16 16:00:00+00:00,26.4,95.0,1.1,3.7,299.0,1006.7,215.0
2026-08-16 17:00:00+00:00,26.3,94.0,0.5,5.6,287.0,1006.3,195.0
2026-08-16 18:00:00+00:00,26.1,95.0,0.1,6.9,321.0,1006.0,265.0
2026-08-16 19:00:00+00:00,26.0,95.0,0.1,5.2,316.0,1005.8,270.0
2026-08-16 20:00:00+00:00,26.1,95.0,0.1,2.4,312.0,1005.8,220.0
2026-08-16 21:00:00+00:00,26.4,94.0,0.1,0.3,45.0,1005.9,30.0
2026-08-16 22:00:00+00:00,26.4,91.0,0.1,1.5,60.0,1006.1,40.0
2026-08-16 23:00:00+00:00,25.8,95.0,1.0,2.7,274.0,1006.7,185.0
2026-08-17 00:00:00+00:00,26.4,91.0,0.2,17.5,231.0,1007.5,635.0
2026-08-17 01:00:00+00:00,26.3,91.0,2.2,14.3,223.0,1007.5,545.0
2026-08-17 02:00:00+00:00,26.5,90.0,2.1,16.1,231.0,1007.3,580.0
2026-08-17 03:00:00+00:00,27.4,85.0,2.4,14.5,240.0,1007.2,705.0
2026-08-17 04:00:00+00:00,26.7,90.0,4.3,15.9,236.0,1006.7,540.0
2026-08-17 05:00:00+00:00,27.3,86.0,1.2,14.9,225.0,1006.1,530.0
2026-08-17 06:00:00+00:00,26.7,88.0,1.1,7.3,245.0,1006.1,650.0
2026-08-17 07:00:00+00:00,26.2,89.0,1.1,10.7,217.0,1006.0,555.0
2026-08-17 08:00:00+00:00,25.9,92.0,1.7,6.8,241.0,1005.6,550.0
2026-08-17 09:00:00+00:00,26.4,93.0,2.5,6.4,216.0,1006.1,745.0
2026-08-17 10:00:00+00:00,26.2,94.0,5.6,2.8,191.0,1006.6,310.0
2026-08-17 11:00:00+00:00,26.2,95.0,4.5,3.1,204.0,1006.7,165.0
2026-08-17 12:00:00+00:00,26.1,94.0,1.5,4.6,225.0,1006.8,260.0
2026-08-17 13:00:00+00:00,26.0,93.0,1.4,9.6,208.0,1007.0,360.0
2026-08-17 14:00:00+00:00,26.2,92.0,0.9,12.5,207.0,1006.8,450.0
2026-08-17 15:00:00+00:00,26.3,91.0,0.7,17.2,217.0,1006.7,585.0
2026-08-17 16:00:00+00:00,26.1,92.0,1.1,18.8,218.0,1006.4,580.0
2026-08-17 17:00:00+00:00,26.3,91.0,1.2,19.1,219.0,1005.7,610.0
2026-08-17 18:00:00+00:00,25.7,90.0,0.7,19.6,226.0,1005.5,565.0
2026-08-17 19:00:00+00:00,25.9,91.0,1.2,15.5,227.0,1004.9,550.0
2026-08-17 20:00:00+00:00,25.9,92.0,0.8,14.5,224.0,1005.0,470.0
2026-08-17 21:00:00+00:00,26.0,91.0,1.5,13.4,222.0,1005.0,545.0
2026-08-17 22:00:00+00:00,25.9,91.0,2.8,17.1,219.0,1005.1,555.0
2026-08-17 23:00:00+00:00,26.0,91.0,3.3,17.9,219.0,1005.3,605.0
2026-08-18 00:00:00+00:00,26.2,92.0,3.8,13.5,193.0,1005.6,415.0
2026-08-18 01:00:00+00:00,26.8,86.0,0.2,15.3,210.0,1005.7,590.0
2026-08-18 02:00:00+00:00,27.9,79.0,0.2,20.0,218.0,1006.2,745.0
2026-08-18 03:00:00+00:00,28.0,78.0,0.4,20.1,212.0,1005.6,740.0
2026-08-18 04:00:00+00:00,27.6,83.0,0.5,21.9,211.0,1005.5,725.0
2026-08-18 05:00:00+00:00,27.1,83.0,1.7,20.2,214.0,1005.2,685.0
2026-08-18 06:00:00+00:00,26.9,83.0,5.1,18.4,219.0,1005.0,570.0
2026-08-18 07:00:00+00:00,27.1,82.0,1.0,22.3,218.0,1004.7,695.0
2026-08-18 08:00:00+00:00,27.1,85.0,1.2,21.1,219.0,1004.7,625.0
2026-08-18 09:00:00+00:00,25.6,91.0,1.8,18.3,227.0,1005.0,570.0
2026-08-18 10:00:00+00:00,26.3,90.0,2.1,21.0,224.0,1005.4,705.0
2026-08-18 11:00:00+00:00,26.2,90.0,2.5,22.9,220.0,1005.8,675.0
2026-08-18 12:00:00+00:00,25.8,92.0,2.6,17.8,220.0,1006.2,550.0
2026-08-18 13:00:00+00:00,25.7,91.0,1.7,23.8,222.0,1007.3,660.0
2026-08-18 14:00:00+00:00,25.7,92.0,1.5,16.2,229.0,1007.8,660.0
2026-08-18 15:00:00+00:00,25.6,92.0,1.8,19.9,212.0,1007.6,705.0
2026-08-18 16:00:00+00:00,25.7,93.0,1.7,17.0,212.0,1006.9,710.0
2026-08-18 17:00:00+00:00,25.9,91.0,1.5,19.1,215.0,1006.9,830.0
2026-08-18 18:00:00+00:00,26.1,90.0,0.7,20.0,219.0,1005.9,850.0
2026-08-18 19:00:00+00:00,25.7,91.0,2.0,23.5,216.0,1006.3,770.0
2026-08-18 20:00:00+00:00,25.9,91.0,1.9,19.6,207.0,1006.0,755.0
2026-08-18 21:00:00+00:00,25.9,89.0,1.7,21.0,210.0,1005.9,815.0
2026-08-18 22:00:00+00:00,25.8,90.0,0.8,18.2,210.0,1006.0,740.0
2026-08-18 23:00:00+00:00,25.7,90.0,2.7,20.3,215.0,1007.3,805.0
2026-08-19 00:00:00+00:00,26.0,88.0,1.4,22.4,216.0,1008.1,800.0
2026-08-19 01:00:00+00:00,26.8,88.0,1.4,19.0,215.0,1008.4,775.0
2026-08-19 02:00:00+00:00,27.8,83.0,0.6,16.4,201.0,1008.5,1115.0
2026-08-19 03:00:00+00:00,27.7,81.0,0.4,18.5,216.0,1007.9,925.0
2026-08-19 04:00:00+00:00,27.5,83.0,0.9,23.8,224.0,1008.1,1030.0
2026-08-19 05:00:00+00:00,27.9,81.0,0.3,21.5,220.0,1007.7,1070.0
2026-08-19 06:00:00+00:00,26.9,84.0,0.1,16.6,222.0,1007.2,520.0
2026-08-19 07:00:00+00:00,27.7,83.0,0.9,18.7,228.0,1007.3,955.0
2026-08-19 08:00:00+00:00,27.9,84.0,0.3,12.7,226.0,1007.2,950.0
2026-08-19 09:00:00+00:00,27.8,84.0,0.2,8.4,208.0,1007.2,840.0
2026-08-19 10:00:00+00:00,26.0,91.0,1.9,15.9,225.0,1008.3,450.0
2026-08-19 11:00:00+00:00,26.5,91.0,0.2,7.5,201.0,1008.5,485.0
2026-08-19 12:00:00+00:00,27.5,87.0,0.3,9.9,201.0,1008.7,625.0
2026-08-19 13:00:00+00:00,27.6,87.0,0.0,9.6,214.0,1009.4,710.0
2026-08-19 14:00:00+00:00,27.8,86.0,0.0,9.4,209.0,1009.7,860.0
2026-08-19 15:00:00+00:00,28.0,82.0,0.1,14.3,215.0,1009.5,870.0
2026-08-19 16:00:00+00:00,28.0,80.0,0.3,18.3,218.0,1009.2,935.0
2026-08-19 17:00:00+00:00,27.8,83.0,0.2,16.1,221.0,1008.7,855.0
2026-08-19 18:00:00+00:00,28.0,77.0,0.3,16.6,210.0,1008.9,865.0
2026-08-19 19:00:00+00:00,27.9,77.0,0.1,14.7,213.0,1008.7,795.0
2026-08-19 20:00:00+00:00,27.8,78.0,0.1,14.7,217.0,1008.8,700.0
2026-08-19 21:00:00+00:00,27.3,81.0,0.3,18.1,220.0,1008.6,685.0
2026-08-19 22:00:00+00:00,26.3,86.0,0.9,19.5,224.0,1009.2,620.0
2026-08-19 23:00:00+00:00,27.1,85.0,0.2,19.2,217.0,1009.6,705.0
2026-08-20 00:00:00+00:00,28.2,82.0,0.1,13.9,216.0,1010.1,645.0
2026-08-20 01:00:00+00:00,28.2,81.0,1.3,18.3,225.0,1011.1,795.0
2026-08-20 02:00:00+00:00,28.8,77.0,0.2,16.6,229.0,1010.4,725.0
2026-08-20 03:00:00+00:00,29.2,78.0,0.1,20.4,226.0,1009.8,835.0
2026-08-20 04:00:00+00:00,29.5,78.0,0.1,19.2,222.0,1009.2,840.0
2026-08-20 05:00:00+00:00,29.6,78.0,0.0,20.5,223.0,1008.6,880.0
2026-08-20 06:00:00+00:00,30.3,76.0,0.1,17.0,228.0,1008.2,1075.0
2026-08-20 07:00:00+00:00,30.2,76.0,0.0,17.2,230.0,1007.9,975.0
2026-08-20 08:00:00+00:00,29.7,74.0,0.3,20.1,230.0,1007.8,930.0
2026-08-20 09:00:00+00:00,29.2,77.0,0.0,14.9,232.0,1007.9,860.0
2026-08-20 10:00:00+00:00,28.5,80.0,0.1,16.9,225.0,1008.4,805.0
2026-08-20 11:00:00+00:00,28.2,83.0,0.0,14.0,226.0,1009.0,795.0
2026-08-20 12:00:00+00:00,28.3,84.0,0.0,5.2,226.0,1009.8,495.0
2026-08-20 13:00:00+00:00,28.3,85.0,0.0,5.8,214.0,1010.2,600.0
2026-08-20 14:00:00+00:00,28.5,83.0,0.1,10.1,229.0,1010.5,735.0
2026-08-20 15:00:00+00:00,28.4,82.0,0.0,9.0,235.0,1010.4,655.0
2026-08-20 16:00:00+00:00,28.5,79.0,0.0,11.4,233.0,1009.8,710.0
2026-08-20 17:00:00+00:00,28.5,79.0,0.0,12.9,231.0,1009.7,760.0
2026-08-20 18:00:00+00:00,28.4,80.0,0.0,14.9,233.0,1009.3,780.0
2026-08-20 19:00:00+00:00,28.4,79.0,0.1,14.5,236.0,1008.9,795.0
2026-08-20 20:00:00+00:00,28.0,81.0,0.1,12.5,247.0,1008.7,690.0
2026-08-20 21:00:00+00:00,27.7,83.0,0.0,9.7,252.0,1008.8,585.0
2026-08-20 22:00:00+00:00,27.4,85.0,0.0,5.8,244.0,1009.1,480.0
2026-08-20 23:00:00+00:00,28.1,80.0,0.0,7.0,244.0,1009.7,550.0
2026-08-21 00:00:00+00:00,29.7,76.0,0.2,3.5,249.0,1010.1,1070.0
2026-08-21 01:00:00+00:00,29.9,74.0,0.1,9.1,229.0,1010.5,1005.0
2026-08-21 02:00:00+00:00,30.2,71.0,0.1,14.4,227.0,1010.1,1025.0
2026-08-21 03:00:00+00:00,30.0,74.0,0.1,16.5,232.0,1009.9,870.0
2026-08-21 04:00:00+00:00,30.4,73.0,0.0,19.0,229.0,1009.5,975.0
2026-08-21 05:00:00+00:00,30.5,71.0,0.0,20.5,228.0,1008.5,970.0
2026-08-21 06:00:00+00:00,31.2,67.0,0.0,17.8,231.0,1008.0,1140.0
2026-08-21 07:00:00+00:00,30.8,66.0,0.0,17.8,232.0,1007.7,1120.0
2026-08-21 08:00:00+00:00,29.9,70.0,0.0,15.6,234.0,1007.2,885.0
2026-08-21 09:00:00+00:00,29.5,73.0,0.0,16.6,247.0,1007.5,925.0
2026-08-21 10:00:00+00:00,28.7,76.0,0.0,11.3,250.0,1008.1,725.0
2026-08-21 11:00:00+00:00,28.5,79.0,0.0,9.4,263.0,1008.5,775.0
2026-08-21 12:00:00+00:00,28.9,76.0,0.0,9.7,246.0,1008.8,790.0
2026-08-21 13:00:00+00:00,28.8,77.0,0.0,8.5,246.0,1009.3,650.0
2026-08-21 14:00:00+00:00,28.6,79.0,0.0,8.8,239.0,1009.5,560.0
2026-08-21 15:00:00+00:00,28.5,78.0,0.0,10.3,232.0,1009.6,690.0
2026-08-21 16:00:00+00:00,28.3,78.0,0.0,9.8,230.0,1009.0,640.0
2026-08-21 17:00:00+00:00,28.2,77.0,0.0,8.0,230.0,1008.4,585.0
2026-08-21 18:00:00+00:00,28.1,79.0,0.0,9.2,239.0,1007.9,705.0
2026-08-21 19:00:00+00:00,27.9,81.0,0.0,7.8,247.0,1007.2,620.0
2026-08-21 20:00:00+00:00,27.6,84.0,0.0,6.7,251.0,1006.9,495.0
2026-08-21 21:00:00+00:00,27.4,87.0,0.0,6.5,251.0,1007.1,500.0
2026-08-21 22:00:00+00:00,27.3,86.0,0.0,6.2,232.0,1007.3,490.0
2026-08-21 23:00:00+00:00,28.1,82.0,0.0,8.2,244.0,1007.9,730.0
2026-08-22 00:00:00+00:00,29.3,74.0,0.0,10.4,240.0,1008.7,885.0
2026-08-22 01:00:00+00:00,29.3,75.0,0.1,12.1,230.0,1008.9,800.0
2026-08-22 02:00:00+00:00,29.8,73.0,0.0,13.4,234.0,1008.9,905.0
2026-08-22 03:00:00+00:00,30.1,72.0,0.0,17.2,223.0,1008.9,920.0
2026-08-22 04:00:00+00:00,30.3,71.0,0.1,19.1,235.0,1008.6,1005.0
2026-08-22 05:00:00+00:00,30.3,70.0,0.1,18.3,235.0,1007.6,1005.0
2026-08-22 06:00:00+00:00,30.3,71.0,0.1,19.3,233.0,1006.8,910.0
2026-08-22 07:00:00+00:00,29.5,76.0,0.0,15.9,242.0,1006.7,890.0
2026-08-22 08:00:00+00:00,28.5,80.0,2.2,16.6,241.0,1006.6,840.0
2026-08-22 09:00:00+00:00,28.7,79.0,0.2,10.9,246.0,1006.9,770.0
2026-08-22 10:00:00+00:00,28.7,78.0,0.0,11.7,243.0,1007.5,780.0
2026-08-22 11:00:00+00:00,28.3,81.0,0.1,11.2,240.0,1008.0,700.0
2026-08-22 12:00:00+00:00,28.6,80.0,0.0,10.6,238.0,1008.5,680.0
2026-08-22 13:00:00+00:00,28.4,81.0,0.1,9.9,241.0,1008.9,690.0
2026-08-22 14:00:00+00:00,27.7,83.0,0.2,8.1,241.0,1009.1,480.0
2026-08-22 15:00:00+00:00,27.6,84.0,0.1,7.3,218.0,1009.1,560.0
2026-08-22 16:00:00+00:00,27.6,84.0,0.0,8.0,218.0,1008.3,610.0
2026-08-22 17:00:00+00:00,27.7,83.0,0.0,11.8,224.0,1007.7,650.0
2026-08-22 18:00:00+00:00,27.9,80.0,0.1,13.1,228.0,1007.3,720.0
2026-08-22 19:00:00+00:00,28.1,79.0,0.0,15.8,228.0,1007.0,730.0
2026-08-22 20:00:00+00:00,27.6,82.0,0.2,14.7,233.0,1006.4,770.0
2026-08-22 21:00:00+00:00,27.6,82.0,0.1,13.9,237.0,1006.4,800.0
2026-08-22 22:00:00+00:00,27.5,81.0,0.1,11.0,235.0,1006.9,710.0
2026-08-22 23:00:00+00:00,27.8,81.0,0.1,9.7,227.0,1007.5,730.0
2026-08-23 00:00:00+00:00,29.1,76.0,0.1,12.2,229.0,1007.8,845.0
2026-08-23 01:00:00+00:00,29.5,72.0,0.2,15.4,233.0,1008.1,810.0
2026-08-23 02:00:00+00:00,29.8,72.0,0.5,16.6,223.0,1008.1,870.0
2026-08-23 03:00:00+00:00,30.4,71.0,0.0,16.9,230.0,1008.1,960.0
2026-08-23 04:00:00+00:00,30.9,68.0,0.0,19.8,228.0,1007.7,1055.0
2026-08-23 05:00:00+00:00,30.7,67.0,0.0,20.6,233.0,1007.1,1065.0
2026-08-23 06:00:00+00:00,30.2,71.0,0.5,17.2,249.0,1006.9,925.0
2026-08-23 07:00:00+00:00,30.3,70.0,0.1,16.1,235.0,1006.7,1005.0
2026-08-23 08:00:00+00:00,30.0,71.0,0.0,16.4,232.0,1006.2,885.0
2026-08-23 09:00:00+00:00,29.7,68.0,0.1,17.0,230.0,1006.5,995.0
2026-08-23 10:00:00+00:00,28.7,75.0,0.3,14.9,233.0,1007.4,690.0
2026-08-23 11:00:00+00:00,28.4,79.0,0.0,10.9,231.0,1007.7,765.0
2026-08-23 12:00:00+00:00,28.2,80.0,0.1,14.2,231.0,1008.1,700.0
2026-08-23 13:00:00+00:00,28.3,80.0,0.1,9.2,225.0,1008.3,695.0
2026-08-23 14:00:00+00:00,27.5,84.0,0.1,11.4,235.0,1009.0,605.0
2026-08-23 15:00:00+00:00,27.1,86.0,0.2,9.3,214.0,1008.6,440.0
2026-08-23 16:00:00+00:00,27.3,86.0,0.0,7.7,204.0,1007.6,580.0
2026-08-23 17:00:00+00:00,27.6,83.0,0.1,10.0,219.0,1007.3,635.0
2026-08-23 18:00:00+00:00,27.4,83.0,0.6,12.1,221.0,1006.9,565.0
2026-08-23 19:00:00+00:00,27.2,84.0,0.4,11.6,219.0,1006.9,505.0
2026-08-23 20:00:00+00:00,27.1,86.0,0.5,10.3,207.0,1006.5,545.0
2026-08-23 21:00:00+00:00,27.3,84.0,0.1,13.9,222.0,1006.8,570.0
2026-08-23 22:00:00+00:00,27.1,85.0,0.4,15.6,231.0,1007.1,620.0
2026-08-23 23:00:00+00:00,27.4,83.0,0.4,18.3,218.0,1007.5,645.0
2026-08-24 00:00:00+00:00,28.7,77.0,0.2,17.6,228.0,1008.0,845.0
2026-08-24 01:00:00+00:00,28.7,79.0,0.1,17.1,222.0,1008.5,760.0
2026-08-24 02:00:00+00:00,29.3,77.0,0.1,17.2,223.0,1008.0,945.0
2026-08-24 03:00:00+00:00,29.5,76.0,0.1,18.0,229.0,1008.0,1015.0
2026-08-24 04:00:00+00:00,29.3,74.0,0.9,19.0,232.0,1008.1,895.0
2026-08-24 05:00:00+00:00,29.6,74.0,0.1,19.2,231.0,1006.9,960.0
2026-08-24 06:00:00+00:00,28.9,78.0,0.2,18.6,230.0,1006.7,965.0
2026-08-24 07:00:00+00:00,29.2,75.0,0.3,17.5,236.0,1006.5,1010.0
2026-08-24 08:00:00+00:00,28.9,73.0,0.2,15.8,246.0,1006.4,940.0
2026-08-24 09:00:00+00:00,28.4,80.0,0.0,7.0,241.0,1006.7,905.0
2026-08-24 10:00:00+00:00,28.0,82.0,0.1,7.5,222.0,1006.9,865.0
2026-08-24 11:00:00+00:00,28.2,81.0,0.1,9.2,223.0,1007.4,975.0
2026-08-24 12:00:00+00:00,29.2,74.0,0.3,18.0,236.0,1008.1,1080.0
2026-08-24 13:00:00+00:00,28.6,78.0,0.0,11.6,258.0,1008.8,790.0
2026-08-24 14:00:00+00:00,27.9,85.0,0.0,1.0,329.0,1009.2,130.0
2026-08-24 15:00:00+00:00,27.5,87.0,0.0,0.6,34.0,1009.3,15.0
2026-08-24 16:00:00+00:00,27.3,89.0,0.0,1.1,162.0,1008.8,15.0
2026-08-24 17:00:00+00:00,27.7,85.0,0.0,5.0,206.0,1008.2,370.0
2026-08-24 18:00:00+00:00,28.7,75.0,0.1,17.3,232.0,1007.6,925.0
2026-08-24 19:00:00+00:00,28.0,78.0,0.3,14.6,232.0,1007.2,740.0
2026-08-24 20:00:00+00:00,28.1,78.0,0.3,16.8,232.0,1007.2,830.0
2026-08-24 21:00:00+00:00,27.4,81.0,0.5,15.7,240.0,1008.3,690.0
2026-08-24 22:00:00+00:00,27.1,84.0,0.2,9.8,227.0,1008.5,635.0
2026-08-24 23:00:00+00:00,27.6,82.0,0.2,16.2,225.0,1008.9,740.0
2026-08-25 00:00:00+00:00,27.3,85.0,0.1,7.7,234.0,1009.6,625.0
2026-08-25 01:00:00+00:00,28.6,77.0,0.3,13.6,229.0,1009.7,805.0
2026-08-25 02:00:00+00:00,28.6,77.0,0.1,15.2,228.0,1009.3,825.0
2026-08-25 03:00:00+00:00,29.0,75.0,0.1,20.3,230.0,1009.0,825.0
2026-08-25 04:00:00+00:00,29.0,78.0,0.0,21.4,226.0,1008.4,845.0
2026-08-25 05:00:00+00:00,29.0,79.0,0.0,19.4,228.0,1007.7,855.0
2026-08-25 06:00:00+00:00,28.9,80.0,0.0,14.9,238.0,1007.5,820.0
2026-08-25 07:00:00+00:00,28.8,81.0,0.3,16.2,235.0,1007.3,855.0
2026-08-25 08:00:00+00:00,28.8,81.0,0.2,13.4,235.0,1007.2,865.0
2026-08-25 09:00:00+00:00,28.5,83.0,0.3,12.2,242.0,1007.2,805.0
2026-08-25 10:00:00+00:00,27.9,88.0,0.3,4.1,283.0,1007.9,180.0
2026-08-25 11:00:00+00:00,26.7,94.0,0.3,2.6,39.0,1008.5,45.0
2026-08-25 12:00:00+00:00,27.6,88.0,0.8,0.7,90.0,1008.9,35.0
2026-08-25 13:00:00+00:00,27.0,89.0,0.5,3.1,159.0,1009.3,90.0
2026-08-25 14:00:00+00:00,26.7,92.0,0.2,4.9,152.0,1009.6,90.0
2026-08-25 15:00:00+00:00,26.7,91.0,0.2,8.4,171.0,1009.9,175.0
2026-08-25 16:00:00+00:00,26.5,87.0,1.1,16.1,220.0,1009.5,480.0
2026-08-25 17:00:00+00:00,26.8,87.0,0.1,14.3,214.0,1009.1,530.0
2026-08-25 18:00:00+00:00,27.7,82.0,0.3,12.6,224.0,1008.5,600.0
2026-08-25 19:00:00+00:00,27.6,81.0,0.4,16.8,221.0,1007.8,670.0
2026-08-25 20:00:00+00:00,27.2,83.0,0.7,18.2,225.0,1008.0,670.0
2026-08-25 21:00:00+00:00,27.2,84.0,0.1,17.3,225.0,1007.6,605.0
2026-08-25 22:00:00+00:00,27.1,85.0,0.1,16.7,221.0,1007.9,565.0
2026-08-25 23:00:00+00:00,26.6,87.0,0.9,20.8,223.0,1008.7,585.0
2026-08-26 00:00:00+00:00,28.7,77.0,0.5,16.4,227.0,1009.0,710.0
2026-08-26 01:00:00+00:00,29.1,77.0,0.4,17.2,227.0,1009.2,740.0
2026-08-26 02:00:00+00:00,29.9,74.0,0.1,16.5,226.0,1008.7,890.0
2026-08-26 03:00:00+00:00,30.2,72.0,0.2,19.1,229.0,1009.0,825.0
2026-08-26 04:00:00+00:00,30.1,72.0,0.6,22.0,230.0,1008.8,970.0
2026-08-26 05:00:00+00:00,29.9,74.0,1.0,22.8,225.0,1007.8,980.0
2026-08-26 06:00:00+00:00,30.7,66.0,0.0,20.6,227.0,1007.2,1120.0
2026-08-26 07:00:00+00:00,30.2,68.0,0.2,22.6,229.0,1007.2,1010.0
2026-08-26 08:00:00+00:00,29.5,75.0,0.1,15.6,232.0,1007.2,950.0
2026-08-26 09:00:00+00:00,29.1,72.0,0.1,19.1,226.0,1007.4,885.0
2026-08-26 10:00:00+00:00,28.4,77.0,0.1,20.2,230.0,1008.4,785.0
2026-08-26 11:00:00+00:00,27.7,82.0,0.1,19.5,224.0,1008.6,715.0
2026-08-26 12:00:00+00:00,27.9,83.0,0.1,11.0,240.0,1009.2,580.0
2026-08-26 13:00:00+00:00,27.9,83.0,0.0,10.2,240.0,1009.5,625.0
2026-08-26 14:00:00+00:00,27.7,84.0,0.1,9.2,249.0,1009.9,500.0
2026-08-26 15:00:00+00:00,27.4,85.0,0.0,9.7,231.0,1009.8,590.0
2026-08-26 16:00:00+00:00,27.4,84.0,0.1,13.1,221.0,1009.3,570.0
2026-08-26 17:00:00+00:00,27.5,82.0,0.0,13.7,224.0,1008.7,635.0
2026-08-26 18:00:00+00:00,27.5,82.0,0.1,16.3,225.0,1008.3,635.0
2026-08-26 19:00:00+00:00,27.3,83.0,0.1,14.9,227.0,1007.5,570.0
2026-08-26 20:00:00+00:00,27.3,83.0,0.1,16.3,225.0,1007.5,600.0
2026-08-26 21:00:00+00:00,27.1,84.0,0.3,15.3,233.0,1007.6,540.0
2026-08-26 22:00:00+00:00,26.8,86.0,0.4,13.4,231.0,1007.8,530.0
2026-08-26 23:00:00+00:00,27.2,85.0,0.7,12.8,235.0,1008.4,620.0
2026-08-27 00:00:00+00:00,28.4,81.0,0.1,7.5,240.0,1008.4,835.0
2026-08-27 01:00:00+00:00,29.2,75.0,0.4,11.6,234.0,1008.7,850.0
2026-08-27 02:00:00+00:00,29.8,74.0,0.0,12.2,229.0,1008.5,965.0
2026-08-27 03:00:00+00:00,30.0,74.0,0.0,13.7,237.0,1008.5,995.0
2026-08-27 04:00:00+00:00,29.6,76.0,0.2,12.4,234.0,1008.3,925.0
2026-08-27 05:00:00+00:00,29.8,74.0,0.1,13.6,246.0,1007.5,1000.0
2026-08-27 06:00:00+00:00,29.3,74.0,0.1,16.1,248.0,1007.2,900.0
2026-08-27 07:00:00+00:00,29.5,75.0,0.1,12.9,279.0,1007.0,955.0
2026-08-27 08:00:00+00:00,28.4,78.0,0.0,10.5,286.0,1006.7,745.0
2026-08-27 09:00:00+00:00,28.3,79.0,0.0,8.5,263.0,1006.6,830.0
2026-08-27 10:00:00+00:00,27.6,84.0,0.0,7.0,273.0,1007.2,560.0
2026-08-27 11:00:00+00:00,27.4,85.0,0.2,8.6,234.0,1007.8,670.0
2026-08-27 12:00:00+00:00,27.2,85.0,0.5,13.6,226.0,1008.3,615.0
2026-08-27 13:00:00+00:00,26.9,88.0,0.8,12.0,230.0,1009.0,530.0
2026-08-27 14:00:00+00:00,26.7,89.0,0.8,14.6,226.0,1009.3,550.0
2026-08-27 15:00:00+00:00,26.5,89.0,1.1,19.8,229.0,1009.2,610.0
2026-08-27 16:00:00+00:00,26.7,87.0,0.7,16.5,231.0,1008.7,610.0
2026-08-27 17:00:00+00:00,26.7,87.0,0.1,16.1,228.0,1008.0,610.0
2026-08-27 18:00:00+00:00,27.0,85.0,0.3,21.3,225.0,1007.6,835.0
2026-08-27 19:00:00+00:00,26.8,85.0,0.3,21.4,236.0,1007.2,880.0
2026-08-27 20:00:00+00:00,26.7,85.0,0.2,18.4,233.0,1007.1,850.0
2026-08-27 21:00:00+00:00,26.3,86.0,0.2,16.7,237.0,1007.1,780.0
2026-08-27 22:00:00+00:00,26.5,87.0,0.5,17.2,225.0,1007.2,750.0
2026-08-27 23:00:00+00:00,26.7,86.0,0.5,19.9,228.0,1007.1,700.0
2026-08-28 00:00:00+00:00,26.1,90.0,0.4,21.0,212.0,1008.2,605.0
2026-08-28 01:00:00+00:00,26.2,91.0,3.9,17.4,221.0,1008.3,655.0
2026-08-28 02:00:00+00:00,26.0,90.0,3.1,16.6,220.0,1008.4,635.0
2026-08-28 03:00:00+00:00,25.6,91.0,2.4,17.0,222.0,1008.3,720.0
2026-08-28 04:00:00+00:00,26.2,90.0,4.2,18.2,231.0,1008.0,870.0
2026-08-28 05:00:00+00:00,26.7,89.0,2.3,22.5,229.0,1007.2,895.0
2026-08-28 06:00:00+00:00,26.3,90.0,4.4,18.4,235.0,1007.1,695.0
2026-08-28 07:00:00+00:00,26.4,90.0,3.5,18.3,234.0,1006.5,705.0
2026-08-28 08:00:00+00:00,26.2,91.0,2.5,13.7,236.0,1006.1,725.0
2026-08-28 09:00:00+00:00,26.1,91.0,3.2,15.0,236.0,1006.4,640.0
2026-08-28 10:00:00+00:00,26.0,90.0,3.4,17.8,225.0,1006.9,685.0
2026-08-28 11:00:00+00:00,26.0,91.0,2.7,16.8,222.0,1007.1,575.0
2026-08-28 12:00:00+00:00,25.7,93.0,2.5,9.2,231.0,1007.8,385.0
2026-08-28 13:00:00+00:00,25.4,93.0,2.3,9.7,220.0,1007.9,420.0
2026-08-28 14:00:00+00:00,25.0,94.0,2.0,11.0,238.0,1008.7,450.0
2026-08-28 15:00:00+00:00,25.6,92.0,3.1,8.2,229.0,1008.5,405.0
2026-08-28 16:00:00+00:00,25.9,92.0,1.6,11.5,221.0,1007.8,530.0
2026-08-28 17:00:00+00:00,25.8,90.0,2.8,16.8,223.0,1007.2,605.0
2026-08-28 18:00:00+00:00,25.4,95.0,2.5,3.6,183.0,1007.0,95.0
2026-08-28 19:00:00+00:00,25.4,94.0,3.0,3.7,194.0,1006.7,115.0
2026-08-28 20:00:00+00:00,25.6,93.0,1.6,5.9,218.0,1006.5,480.0
2026-08-28 21:00:00+00:00,25.5,92.0,3.3,8.3,219.0,1006.7,450.0
2026-08-28 22:00:00+00:00,25.6,92.0,2.6,10.3,221.0,1006.6,465.0
2026-08-28 23:00:00+00:00,25.9,92.0,1.9,13.4,222.0,1006.6,535.0
2026-08-29 00:00:00+00:00,25.9,90.0,1.2,20.4,215.0,1007.9,690.0
2026-08-29 01:00:00+00:00,25.9,90.0,3.1,24.2,219.0,1007.9,705.0
2026-08-29 02:00:00+00:00,26.1,89.0,3.3,19.9,221.0,1007.8,680.0
2026-08-29 03:00:00+00:00,26.4,89.0,2.7,23.6,227.0,1007.9,800.0
2026-08-29 04:00:00+00:00,26.5,89.0,2.8,24.8,228.0,1007.3,800.0
2026-08-29 05:00:00+00:00,27.2,84.0,1.8,23.4,230.0,1007.0,840.0
2026-08-29 06:00:00+00:00,26.2,91.0,1.7,12.3,233.0,1006.8,495.0
2026-08-29 07:00:00+00:00,26.4,92.0,1.7,8.8,242.0,1006.0,485.0
2026-08-29 08:00:00+00:00,25.9,90.0,1.6,18.5,235.0,1006.3,660.0
2026-08-29 09:00:00+00:00,25.6,91.0,1.1,12.9,228.0,1006.2,590.0
2026-08-29 10:00:00+00:00,25.8,91.0,0.5,13.2,225.0,1006.6,565.0
2026-08-29 11:00:00+00:00,26.1,91.0,0.2,9.7,225.0,1007.1,530.0
2026-08-29 12:00:00+00:00,26.4,90.0,0.2,12.5,210.0,1007.3,695.0
2026-08-29 13:00:00+00:00,26.9,87.0,0.4,13.4,216.0,1007.7,575.0
2026-08-29 14:00:00+00:00,27.0,88.0,0.5,13.6,223.0,1007.9,620.0
2026-08-29 15:00:00+00:00,27.0,87.0,0.4,11.7,233.0,1007.9,620.0
2026-08-29 16:00:00+00:00,26.9,87.0,0.3,9.4,258.0,1007.4,470.0
2026-08-29 17:00:00+00:00,26.5,89.0,0.1,3.8,251.0,1007.1,340.0
2026-08-29 18:00:00+00:00,27.8,80.0,0.3,18.7,225.0,1006.4,925.0
2026-08-29 19:00:00+00:00,27.7,78.0,0.1,20.1,227.0,1006.4,825.0
2026-08-29 20:00:00+00:00,27.2,81.0,0.4,15.4,233.0,1006.1,695.0
2026-08-29 21:00:00+00:00,26.6,82.0,0.6,18.5,230.0,1006.3,635.0
2026-08-29 22:00:00+00:00,26.2,87.0,1.4,18.2,227.0,1006.4,695.0
2026-08-29 23:00:00+00:00,26.1,87.0,1.1,19.9,226.0,1006.9,620.0
2026-08-30 00:00:00+00:00,27.3,84.0,3.6,21.4,227.0,1007.4,785.0
2026-08-30 01:00:00+00:00,27.7,82.0,1.3,20.4,227.0,1008.0,840.0
2026-08-30 02:00:00+00:00,28.4,80.0,0.5,22.4,224.0,1007.8,925.0
2026-08-30 03:00:00+00:00,28.6,79.0,0.3,22.8,227.0,1007.7,975.0
2026-08-30 04:00:00+00:00,28.7,79.0,1.0,21.8,227.0,1007.0,1020.0
2026-08-30 05:00:00+00:00,29.0,78.0,0.3,24.0,231.0,1007.1,1030.0
2026-08-30 06:00:00+00:00,27.7,81.0,3.0,20.8,228.0,1006.6,910.0
2026-08-30 07:00:00+00:00,27.8,84.0,0.2,11.6,217.0,1006.1,940.0
2026-08-30 08:00:00+00:00,27.3,84.0,1.3,23.6,236.0,1006.1,770.0
2026-08-30 09:00:00+00:00,27.4,85.0,0.5,18.8,234.0,1006.1,770.0
2026-08-30 10:00:00+00:00,26.9,86.0,0.4,14.9,234.0,1006.5,790.0
2026-08-30 11:00:00+00:00,26.6,88.0,0.7,13.6,234.0,1007.4,695.0
2026-08-30 12:00:00+00:00,27.3,83.0,0.3,11.1,238.0,1007.2,470.0
2026-08-30 13:00:00+00:00,27.6,82.0,0.3,10.3,237.0,1007.5,675.0
2026-08-30 14:00:00+00:00,27.3,85.0,0.1,6.3,275.0,1007.5,615.0
2026-08-30 15:00:00+00:00,27.4,82.0,0.1,14.9,250.0,1007.5,670.0
2026-08-30 16:00:00+00:00,27.5,83.0,0.2,18.3,235.0,1007.1,815.0
2026-08-30 17:00:00+00:00,27.5,82.0,0.1,21.9,237.0,1006.7,835.0
2026-08-30 18:00:00+00:00,27.6,80.0,0.2,19.9,229.0,1005.9,970.0
2026-08-30 19:00:00+00:00,27.6,80.0,0.4,22.1,230.0,1005.8,980.0
2026-08-30 20:00:00+00:00,27.7,81.0,0.4,21.0,228.0,1006.0,965.0
2026-08-30 21:00:00+00:00,27.1,83.0,0.3,16.6,233.0,1006.4,845.0
2026-08-30 22:00:00+00:00,26.5,85.0,0.5,20.4,225.0,1006.6,695.0
2026-08-30 23:00:00+00:00,26.8,85.0,0.2,16.4,225.0,1007.1,770.0
2026-08-31 00:00:00+00:00,28.4,77.0,0.1,16.5,241.0,1007.5,960.0
2026-08-31 01:00:00+00:00,29.1,75.0,0.2,16.9,237.0,1007.9,1130.0
2026-08-31 02:00:00+00:00,29.3,75.0,0.1,21.7,229.0,1007.5,1170.0
2026-08-31 03:00:00+00:00,28.7,78.0,1.8,26.0,227.0,1007.7,1125.0
2026-08-31 04:00:00+00:00,29.4,76.0,0.3,25.2,223.0,1007.1,1260.0
2026-08-31 05:00:00+00:00,30.5,71.0,0.2,28.3,223.0,1006.5,1515.0
2026-08-31 06:00:00+00:00,30.9,65.0,0.0,27.9,228.0,1005.9,1640.0
2026-08-31 07:00:00+00:00,30.7,65.0,0.0,24.6,228.0,1006.1,1670.0
2026-08-31 08:00:00+00:00,30.2,68.0,0.0,22.0,227.0,1006.0,1630.0
2026-08-31 09:00:00+00:00,29.7,73.0,0.0,21.4,227.0,1006.2,1545.0
2026-08-31 10:00:00+00:00,29.3,75.0,0.0,21.0,227.0,1006.6,1520.0
2026-08-31 11:00:00+00:00,29.3,74.0,0.0,22.0,226.0,1007.0,1370.0
2026-08-31 12:00:00+00:00,29.2,75.0,0.0,17.7,228.0,1007.6,1135.0
2026-08-31 13:00:00+00:00,29.2,75.0,0.0,18.2,227.0,1007.8,1150.0
2026-08-31 14:00:00+00:00,29.0,77.0,0.0,18.5,225.0,1007.8,1100.0
2026-08-31 15:00:00+00:00,29.0,77.0,0.0,20.0,226.0,1007.8,1190.0
2026-08-31 16:00:00+00:00,29.0,77.0,0.1,22.3,225.0,1007.6,1250.0
2026-08-31 17:00:00+00:00,28.8,78.0,0.1,21.7,233.0,1007.4,1200.0
2026-08-31 18:00:00+00:00,28.7,75.0,0.1,21.2,231.0,1007.2,1185.0
2026-08-31 19:00:00+00:00,28.5,76.0,0.1,22.1,224.0,1006.9,1090.0
2026-08-31 20:00:00+00:00,27.7,77.0,0.3,21.1,233.0,1007.3,915.0
2026-08-31 21:00:00+00:00,27.1,83.0,0.1,12.8,241.0,1007.4,915.0
2026-08-31 22:00:00+00:00,27.5,81.0,0.3,17.9,225.0,1007.3,885.0
2026-08-31 23:00:00+00:00,28.1,79.0,0.5,21.8,225.0,1007.5,925.0
2026-09-01 00:00:00+00:00,28.8,79.0,0.5,19.6,223.0,1008.2,1040.0
2026-09-01 01:00:00+00:00,30.0,74.0,0.0,21.4,234.0,1008.3,1395.0
2026-09-01 02:00:00+00:00,29.7,76.0,0.4,23.1,236.0,1008.0,1205.0
2026-09-01 03:00:00+00:00,29.8,75.0,0.6,25.9,232.0,1007.8,1090.0
2026-09-01 04:00:00+00:00,30.1,74.0,0.8,30.3,230.0,1007.2,1190.0
2026-09-01 05:00:00+00:00,30.2,72.0,0.2,26.0,229.0,1006.6,1165.0
2026-09-01 06:00:00+00:00,30.8,73.0,0.3,25.1,231.0,1006.1,1315.0
2026-09-01 07:00:00+00:00,30.4,74.0,0.0,22.5,233.0,1005.8,1145.0
2026-09-01 08:00:00+00:00,30.1,75.0,0.0,21.7,230.0,1006.0,1155.0
2026-09-01 09:00:00+00:00,29.7,78.0,0.0,18.2,229.0,1006.1,1080.0
2026-09-01 10:00:00+00:00,29.1,80.0,0.0,17.9,230.0,1006.6,1030.0
2026-09-01 11:00:00+00:00,28.9,78.0,0.0,15.7,228.0,1007.4,955.0
2026-09-01 12:00:00+00:00,28.4,78.0,0.0,13.0,246.0,1007.8,760.0
2026-09-01 13:00:00+00:00,28.0,81.0,0.2,11.7,236.0,1008.3,680.0
2026-09-01 14:00:00+00:00,28.2,80.0,0.1,15.9,226.0,1008.4,860.0
2026-09-01 15:00:00+00:00,28.6,81.0,0.0,18.0,233.0,1008.1,990.0
2026-09-01 16:00:00+00:00,28.3,82.0,0.1,19.5,225.0,1007.7,940.0
2026-09-01 17:00:00+00:00,27.7,81.0,0.3,22.5,230.0,1007.2,895.0
2026-09-01 18:00:00+00:00,27.8,84.0,0.5,17.2,230.0,1006.8,1020.0
2026-09-01 19:00:00+00:00,27.6,82.0,0.3,19.7,228.0,1006.3,840.0
2026-09-01 20:00:00+00:00,27.6,81.0,0.3,22.7,225.0,1006.4,910.0
2026-09-01 21:00:00+00:00,27.2,85.0,0.3,21.5,227.0,1006.2,905.0
2026-09-01 22:00:00+00:00,27.5,83.0,0.3,20.6,230.0,1006.0,980.0
2026-09-01 23:00:00+00:00,28.1,81.0,0.1,21.3,226.0,1006.0,1075.0
2026-09-02 00:00:00+00:00,28.8,78.0,0.3,21.1,227.0,1006.6,985.0
2026-09-02 01:00:00+00:00,29.5,77.0,0.1,20.9,220.0,1006.9,1075.0
2026-09-02 02:00:00+00:00,30.1,73.0,0.2,26.3,219.0,1006.4,1140.0
2026-09-02 03:00:00+00:00,29.6,73.0,0.5,32.3,225.0,1006.3,1120.0
2026-09-02 04:00:00+00:00,29.5,75.0,0.2,29.5,225.0,1005.9,1125.0
2026-09-02 05:00:00+00:00,29.1,76.0,0.7,31.2,227.0,1005.2,1030.0
2026-09-02 06:00:00+00:00,29.5,76.0,0.9,28.8,227.0,1004.3,1260.0
2026-09-02 07:00:00+00:00,29.3,76.0,0.4,30.4,227.0,1004.1,1125.0
2026-09-02 08:00:00+00:00,28.7,79.0,0.3,26.7,231.0,1004.5,1125.0
2026-09-02 09:00:00+00:00,28.3,78.0,0.4,20.7,237.0,1004.6,1050.0
2026-09-02 10:00:00+00:00,27.7,84.0,0.2,18.6,227.0,1005.1,955.0
2026-09-02 11:00:00+00:00,27.9,82.0,0.1,19.2,231.0,1005.4,980.0
2026-09-02 12:00:00+00:00,28.4,80.0,0.2,18.0,230.0,1005.3,985.0
2026-09-02 13:00:00+00:00,28.3,80.0,0.1,15.3,243.0,1006.1,975.0
2026-09-02 14:00:00+00:00,27.7,82.0,0.5,25.0,235.0,1006.6,765.0
2026-09-02 15:00:00+00:00,27.4,84.0,0.3,16.7,228.0,1006.3,885.0
2026-09-02 16:00:00+00:00,27.4,84.0,0.2,18.8,238.0,1005.7,1000.0
2026-09-02 17:00:00+00:00,27.7,82.0,0.2,20.5,236.0,1005.3,1065.0
2026-09-02 18:00:00+00:00,27.8,82.0,0.2,20.9,232.0,1004.8,1080.0
2026-09-02 19:00:00+00:00,27.0,86.0,0.5,19.2,235.0,1004.7,935.0
2026-09-02 20:00:00+00:00,26.3,87.0,0.8,23.2,232.0,1004.8,810.0
2026-09-02 21:00:00+00:00,26.7,86.0,0.9,22.2,230.0,1004.7,845.0
2026-09-02 22:00:00+00:00,27.0,85.0,0.2,23.0,237.0,1004.8,870.0
2026-09-02 23:00:00+00:00,27.3,85.0,0.2,18.3,235.0,1005.2,895.0
2026-09-03 00:00:00+00:00,28.4,77.0,0.4,21.5,238.0,1006.2,940.0
2026-09-03 01:00:00+00:00,29.0,77.0,0.1,21.1,239.0,1006.4,1100.0
2026-09-03 02:00:00+00:00,29.0,74.0,1.0,26.4,236.0,1006.2,1000.0
2026-09-03 03:00:00+00:00,29.9,72.0,0.6,23.2,237.0,1005.9,1120.0
2026-09-03 04:00:00+00:00,30.4,70.0,0.3,24.5,234.0,1005.6,1220.0
2026-09-03 05:00:00+00:00,29.9,71.0,0.2,25.5,232.0,1005.0,1085.0
2026-09-03 06:00:00+00:00,30.3,71.0,0.2,27.0,231.0,1004.5,1165.0
2026-09-03 07:00:00+00:00,29.6,71.0,0.2,27.2,236.0,1004.4,970.0
2026-09-03 08:00:00+00:00,28.8,79.0,0.2,19.9,238.0,1004.3,955.0
2026-09-03 09:00:00+00:00,28.2,81.0,0.4,20.9,229.0,1004.6,850.0
2026-09-03 10:00:00+00:00,27.5,85.0,0.7,18.5,230.0,1005.3,675.0
2026-09-03 11:00:00+00:00,27.1,85.0,0.3,17.6,221.0,1005.9,605.0
2026-09-03 12:00:00+00:00,27.3,85.0,0.4,18.2,236.0,1006.4,740.0
2026-09-03 13:00:00+00:00,26.4,90.0,3.1,17.3,228.0,1007.2,665.0
2026-09-03 14:00:00+00:00,25.7,91.0,3.1,10.5,232.0,1008.1,520.0
2026-09-03 15:00:00+00:00,25.9,92.0,2.0,6.6,206.0,1008.1,515.0
2026-09-03 16:00:00+00:00,26.1,91.0,1.1,11.1,209.0,1007.5,490.0
2026-09-03 17:00:00+00:00,26.1,91.0,1.8,16.1,215.0,1007.1,525.0
2026-09-03 18:00:00+00:00,26.5,89.0,1.5,17.9,225.0,1006.4,585.0
2026-09-03 19:00:00+00:00,26.3,89.0,2.1,20.4,224.0,1006.2,710.0
2026-09-03 20:00:00+00:00,26.2,90.0,4.8,20.7,237.0,1006.1,730.0
2026-09-03 21:00:00+00:00,26.2,92.0,6.3,15.7,232.0,1006.2,680.0
2026-09-03 22:00:00+00:00,26.3,91.0,1.3,16.4,234.0,1006.3,695.0
2026-09-03 23:00:00+00:00,26.6,90.0,0.5,13.3,237.0,1006.8,690.0
2026-09-04 00:00:00+00:00,27.0,89.0,0.4,14.8,238.0,1007.5,585.0
2026-09-04 01:00:00+00:00,27.9,80.0,0.6,15.9,224.0,1007.8,695.0
2026-09-04 02:00:00+00:00,28.1,81.0,0.5,18.6,228.0,1008.0,685.0
2026-09-04 03:00:00+00:00,27.3,87.0,2.3,18.6,239.0,1008.0,640.0
2026-09-04 04:00:00+00:00,28.1,83.0,0.5,12.6,236.0,1007.5,630.0
2026-09-04 05:00:00+00:00,28.9,80.0,0.1,17.4,230.0,1007.0,735.0
2026-09-04 06:00:00+00:00,28.9,79.0,0.9,14.1,240.0,1006.2,725.0
2026-09-04 07:00:00+00:00,28.4,80.0,1.1,17.9,239.0,1006.4,805.0
2026-09-04 08:00:00+00:00,28.4,78.0,0.2,14.8,241.0,1006.2,730.0
2026-09-04 09:00:00+00:00,27.9,83.0,0.2,11.6,248.0,1006.7,640.0
2026-09-04 10:00:00+00:00,27.4,87.0,0.2,8.0,239.0,1007.4,545.0
2026-09-04 11:00:00+00:00,27.2,88.0,0.4,8.7,240.0,1007.9,560.0
2026-09-04 12:00:00+00:00,26.3,91.0,0.5,11.8,241.0,1008.6,395.0
2026-09-04 13:00:00+00:00,26.4,91.0,0.5,8.4,236.0,1009.2,460.0
2026-09-04 14:00:00+00:00,26.5,92.0,0.2,3.8,211.0,1009.9,230.0
2026-09-04 15:00:00+00:00,26.3,93.0,0.3,3.1,177.0,1009.5,105.0
2026-09-04 16:00:00+00:00,26.3,93.0,0.8,4.7,196.0,1008.9,170.0
2026-09-04 17:00:00+00:00,26.3,92.0,1.2,9.1,218.0,1008.5,360.0
2026-09-04 18:00:00+00:00,26.3,91.0,2.0,5.5,238.0,1007.7,270.0
2026-09-04 19:00:00+00:00,25.7,91.0,0.9,12.7,225.0,1007.7,350.0
2026-09-04 20:00:00+00:00,26.0,88.0,1.0,16.7,227.0,1007.9,525.0
2026-09-04 21:00:00+00:00,26.0,90.0,1.3,15.3,230.0,1008.2,635.0
2026-09-04 22:00:00+00:00,26.2,87.0,0.3,14.7,228.0,1008.1,595.0
2026-09-04 23:00:00+00:00,27.1,83.0,0.1,15.1,234.0,1008.6,600.0
2026-09-05 00:00:00+00:00,26.9,88.0,0.1,19.7,232.0,1009.2,610.0
2026-09-05 01:00:00+00:00,26.6,90.0,1.6,15.8,236.0,1009.5,605.0
2026-09-05 02:00:00+00:00,27.1,87.0,1.9,15.2,234.0,1009.5,665.0
2026-09-05 03:00:00+00:00,28.0,83.0,0.7,19.1,229.0,1009.2,880.0
2026-09-05 04:00:00+00:00,28.0,83.0,0.7,18.5,230.0,1008.8,905.0
2026-09-05 05:00:00+00:00,27.5,85.0,1.3,16.1,233.0,1008.0,885.0
2026-09-05 06:00:00+00:00,27.4,86.0,2.5,11.7,243.0,1007.8,775.0
2026-09-05 07:00:00+00:00,27.3,83.0,1.6,9.1,253.0,1007.7,735.0
2026-09-05 08:00:00+00:00,26.9,86.0,0.7,9.8,238.0,1008.1,715.0
2026-09-05 09:00:00+00:00,26.2,90.0,1.3,8.2,248.0,1008.3,500.0
2026-09-05 10:00:00+00:00,25.9,92.0,1.2,6.3,233.0,1009.2,485.0
2026-09-05 11:00:00+00:00,25.7,93.0,2.1,2.0,175.0,1009.7,45.0
2026-09-05 12:00:00+00:00,26.3,93.0,1.1,5.1,190.0,1009.6,255.0
2026-09-05 13:00:00+00:00,26.1,93.0,0.1,5.2,194.0,1010.2,180.0
2026-09-05 14:00:00+00:00,26.2,92.0,0.0,6.7,196.0,1010.9,320.0
2026-09-05 15:00:00+00:00,26.2,90.0,0.1,9.6,221.0,1010.3,390.0
2026-09-05 16:00:00+00:00,26.2,89.0,0.0,8.9,234.0,1009.7,490.0
2026-09-05 17:00:00+00:00,26.0,88.0,0.0,9.7,242.0,1009.5,400.0
2026-09-05 18:00:00+00:00,25.3,92.0,0.0,5.2,196.0,1008.8,225.0
2026-09-05 19:00:00+00:00,24.5,96.0,1.7,5.0,300.0,1008.7,185.0
2026-09-05 20:00:00+00:00,25.0,96.0,0.7,5.6,270.0,1008.3,315.0
2026-09-05 21:00:00+00:00,25.1,97.0,0.5,3.3,292.0,1008.5,75.0
2026-09-05 22:00:00+00:00,24.8,97.0,0.1,3.8,335.0,1008.6,60.0
2026-09-05 23:00:00+00:00,25.4,94.0,0.0,3.5,15.0,1009.3,90.0
2026-09-06 00:00:00+00:00,27.7,82.0,0.3,11.5,269.0,1009.4,715.0
2026-09-06 01:00:00+00:00,28.6,79.0,0.4,13.1,261.0,1010.1,815.0
2026-09-06 02:00:00+00:00,27.7,82.0,0.8,13.2,242.0,1010.4,735.0
2026-09-06 03:00:00+00:00,27.0,87.0,1.5,9.5,248.0,1009.8,595.0
2026-09-06 04:00:00+00:00,28.8,79.0,0.7,9.4,235.0,1009.3,845.0
2026-09-06 05:00:00+00:00,28.3,79.0,0.9,16.9,241.0,1008.8,855.0
2026-09-06 06:00:00+00:00,29.0,77.0,1.6,16.9,247.0,1008.8,1065.0
2026-09-06 07:00:00+00:00,27.9,80.0,0.6,15.0,256.0,1008.4,745.0
2026-09-06 08:00:00+00:00,27.7,80.0,0.1,12.7,257.0,1008.0,720.0
2026-09-06 09:00:00+00:00,27.2,84.0,0.0,8.8,242.0,1008.2,510.0
2026-09-06 10:00:00+00:00,27.0,86.0,0.0,7.4,225.0,1009.0,450.0
2026-09-06 11:00:00+00:00,27.1,87.0,0.0,6.9,239.0,1009.4,570.0
2026-09-06 12:00:00+00:00,27.0,90.0,0.0,7.5,233.0,1009.6,455.0
2026-09-06 13:00:00+00:00,27.0,88.0,0.0,8.5,222.0,1010.2,435.0
2026-09-06 14:00:00+00:00,27.1,86.0,0.0,11.2,228.0,1011.0,495.0
2026-09-06 15:00:00+00:00,26.6,89.0,1.0,10.8,228.0,1010.9,460.0
2026-09-06 16:00:00+00:00,26.3,93.0,0.6,8.1,233.0,1009.6,355.0
2026-09-06 17:00:00+00:00,26.2,92.0,0.0,9.4,244.0,1008.9,410.0
2026-09-06 18:00:00+00:00,25.8,92.0,0.1,6.8,233.0,1007.9,425.0
2026-09-06 19:00:00+00:00,25.6,91.0,0.0,6.0,245.0,1008.3,165.0
2026-09-06 20:00:00+00:00,26.0,91.0,0.0,1.3,225.0,1008.2,70.0
2026-09-06 21:00:00+00:00,26.2,90.0,0.0,0.6,342.0,1008.1,15.0
2026-09-06 22:00:00+00:00,25.9,93.0,0.3,1.8,349.0,1008.3,40.0
2026-09-06 23:00:00+00:00,26.3,92.0,0.1,2.3,302.0,1008.7,140.0
2026-09-07 00:00:00+00:00,27.4,88.0,0.5,7.7,271.0,1009.5,565.0
2026-09-07 01:00:00+00:00,26.9,88.0,2.3,8.8,251.0,1009.6,500.0
2026-09-07 02:00:00+00:00,28.2,81.0,0.1,6.8,220.0,1009.4,665.0
2026-09-07 03:00:00+00:00,27.0,85.0,2.1,13.3,235.0,1009.6,475.0
2026-09-07 04:00:00+00:00,27.4,85.0,2.2,10.6,212.0,1009.2,515.0
2026-09-07 05:00:00+00:00,26.6,87.0,1.0,12.5,217.0,1008.6,460.0
2026-09-07 06:00:00+00:00,28.0,80.0,1.4,13.5,258.0,1008.2,765.0
2026-09-07 07:00:00+00:00,26.7,89.0,1.5,10.9,276.0,1007.8,655.0
2026-09-07 08:00:00+00:00,26.3,93.0,2.3,9.3,286.0,1007.6,645.0
2026-09-07 09:00:00+00:00,26.3,93.0,1.8,8.0,279.0,1007.8,570.0
2026-09-07 10:00:00+00:00,26.2,93.0,1.3,6.7,286.0,1008.1,440.0
2026-09-07 11:00:00+00:00,26.2,93.0,0.8,6.2,278.0,1008.7,325.0
2026-09-07 12:00:00+00:00,26.4,90.0,0.5,8.6,260.0,1008.8,515.0
2026-09-07 13:00:00+00:00,26.3,90.0,0.1,5.1,274.0,1009.8,405.0
2026-09-07 14:00:00+00:00,26.2,92.0,0.2,0.6,342.0,1010.0,20.0
2026-09-07 15:00:00+00:00,26.1,93.0,0.9,1.8,307.0,1010.1,45.0
2026-09-07 16:00:00+00:00,26.1,94.0,1.2,1.6,297.0,1009.1,55.0
2026-09-07 17:00:00+00:00,25.9,95.0,1.9,2.7,184.0,1008.3,105.0
2026-09-07 18:00:00+00:00,25.5,96.0,0.8,3.7,256.0,1008.5,140.0
2026-09-07 19:00:00+00:00,25.6,95.0,0.8,2.2,228.0,1007.9,110.0
2026-09-07 20:00:00+00:00,25.6,94.0,0.2,2.9,184.0,1007.7,80.0
2026-09-07 21:00:00+00:00,25.6,93.0,0.1,2.2,204.0,1007.6,85.0
2026-09-07 22:00:00+00:00,25.6,92.0,0.0,1.4,180.0,1007.5,40.0
2026-09-07 23:00:00+00:00,26.0,93.0,0.0,3.1,201.0,1007.8,120.0
2026-09-08 00:00:00+00:00,26.7,88.0,0.0,6.1,236.0,1009.2,310.0
2026-09-08 01:00:00+00:00,26.0,90.0,4.0,10.4,250.0,1009.4,350.0
2026-09-08 02:00:00+00:00,26.0,91.0,5.5,8.0,247.0,1009.5,335.0
2026-09-08 03:00:00+00:00,26.4,88.0,0.5,7.0,224.0,1009.0,410.0
2026-09-08 04:00:00+00:00,28.4,79.0,0.2,9.9,249.0,1008.2,770.0
2026-09-08 05:00:00+00:00,28.9,76.0,0.1,10.4,244.0,1007.0,800.0
2026-09-08 06:00:00+00:00,28.2,78.0,0.2,11.8,257.0,1006.7,625.0
2026-09-08 07:00:00+00:00,27.8,82.0,0.7,11.8,241.0,1006.6,700.0
2026-09-08 08:00:00+00:00,27.6,79.0,0.4,11.8,242.0,1006.2,630.0
2026-09-08 09:00:00+00:00,26.7,86.0,1.1,8.3,228.0,1006.5,485.0
2026-09-08 10:00:00+00:00,26.5,90.0,0.3,2.4,163.0,1007.2,95.0
2026-09-08 11:00:00+00:00,26.3,92.0,0.9,1.9,202.0,1007.7,75.0
2026-09-08 12:00:00+00:00,25.7,94.0,0.7,5.0,224.0,1008.1,235.0
2026-09-08 13:00:00+00:00,26.1,89.0,1.8,0.9,233.0,1008.7,15.0
2026-09-08 14:00:00+00:00,25.8,93.0,1.0,2.4,99.0,1008.7,60.0
2026-09-08 15:00:00+00:00,25.7,95.0,0.7,1.8,96.0,1008.5,55.0
2026-09-08 16:00:00+00:00,25.6,94.0,1.2,2.2,66.0,1008.1,45.0
2026-09-08 17:00:00+00:00,25.5,96.0,0.5,2.9,112.0,1007.9,60.0
2026-09-08 18:00:00+00:00,25.6,93.0,0.5,2.9,263.0,1007.1,115.0
2026-09-08 19:00:00+00:00,25.7,92.0,0.5,2.2,185.0,1006.6,55.0
2026-09-08 20:00:00+00:00,25.0,93.0,1.9,7.1,201.0,1006.6,210.0
2026-09-08 21:00:00+00:00,24.9,94.0,2.3,5.9,247.0,1006.8,275.0
2026-09-08 22:00:00+00:00,24.7,96.0,1.8,4.4,243.0,1007.1,250.0
2026-09-08 23:00:00+00:00,24.7,96.0,2.0,4.5,182.0,1007.9,360.0
2026-09-09 00:00:00+00:00,25.1,94.0,2.4,1.5,60.0,1008.4,60.0
2026-09-09 01:00:00+00:00,25.3,93.0,2.2,6.2,126.0,1008.6,180.0
2026-09-09 02:00:00+00:00,26.0,90.0,0.3,6.3,153.0,1008.4,315.0
2026-09-09 03:00:00+00:00,26.2,87.0,0.4,6.5,199.0,1008.1,535.0
2026-09-09 04:00:00+00:00,26.4,87.0,0.7,5.9,198.0,1007.3,350.0
2026-09-09 05:00:00+00:00,27.3,82.0,0.5,11.2,224.0,1006.6,555.0
2026-09-09 06:00:00+00:00,27.8,83.0,0.3,13.4,212.0,1005.4,545.0
2026-09-09 07:00:00+00:00,27.3,84.0,1.6,12.4,214.0,1005.6,595.0
2026-09-09 08:00:00+00:00,26.0,90.0,5.1,15.1,225.0,1005.4,515.0
2026-09-09 09:00:00+00:00,26.0,89.0,2.1,15.5,218.0,1005.7,510.0
2026-09-09 10:00:00+00:00,25.7,91.0,2.8,9.6,210.0,1006.5,430.0
2026-09-09 11:00:00+00:00,26.0,91.0,0.6,10.1,209.0,1007.3,490.0
2026-09-09 12:00:00+00:00,26.3,91.0,0.3,4.0,190.0,1007.3,115.0
2026-09-09 13:00:00+00:00,26.1,91.0,0.0,2.9,191.0,1007.9,75.0
2026-09-09 14:00:00+00:00,25.9,90.0,0.0,6.6,189.0,1008.4,315.0
2026-09-09 15:00:00+00:00,25.4,91.0,0.9,11.4,206.0,1008.8,375.0
2026-09-09 16:00:00+00:00,24.8,93.0,2.0,12.3,202.0,1008.5,430.0
2026-09-09 17:00:00+00:00,25.0,93.0,1.3,11.8,191.0,1008.1,495.0
2026-09-09 18:00:00+00:00,25.5,88.0,0.3,11.4,195.0,1007.5,495.0
2026-09-09 19:00:00+00:00,25.6,87.0,0.1,11.8,204.0,1007.3,480.0
2026-09-09 20:00:00+00:00,25.7,86.0,0.1,13.0,207.0,1007.1,525.0
2026-09-09 21:00:00+00:00,25.9,85.0,0.1,12.2,204.0,1007.2,525.0
2026-09-09 22:00:00+00:00,25.6,86.0,0.3,13.0,208.0,1007.6,490.0
2026-09-09 23:00:00+00:00,25.3,90.0,1.1,12.0,202.0,1008.3,400.0
2026-09-10 00:00:00+00:00,26.9,82.0,1.9,9.9,218.0,1008.4,515.0
2026-09-10 01:00:00+00:00,26.6,84.0,0.3,10.2,211.0,1009.0,445.0
2026-09-10 02:00:00+00:00,27.9,79.0,0.3,9.2,206.0,1009.2,565.0
2026-09-10 03:00:00+00:00,28.4,79.0,0.0,5.6,209.0,1008.7,645.0
2026-09-10 04:00:00+00:00,29.2,76.0,0.0,6.0,217.0,1008.2,815.0
2026-09-10 05:00:00+00:00,27.1,83.0,1.1,15.6,221.0,1007.5,460.0
2026-09-10 06:00:00+00:00,27.3,84.0,3.9,11.2,208.0,1007.6,565.0
2026-09-10 07:00:00+00:00,26.6,87.0,2.3,14.7,207.0,1007.7,515.0
2026-09-10 08:00:00+00:00,27.0,83.0,0.8,14.1,215.0,1007.8,665.0
2026-09-10 09:00:00+00:00,26.4,85.0,1.1,14.4,211.0,1007.9,550.0
2026-09-10 10:00:00+00:00,26.2,88.0,1.1,11.1,209.0,1008.8,485.0
2026-09-10 11:00:00+00:00,25.9,89.0,0.9,15.3,211.0,1009.2,460.0
2026-09-10 12:00:00+00:00,26.2,89.0,0.4,4.8,191.0,1009.4,235.0
2026-09-10 13:00:00+00:00,26.2,89.0,0.4,8.9,199.0,1010.2,405.0
2026-09-10 14:00:00+00:00,26.3,86.0,0.1,11.6,208.0,1011.0,475.0
2026-09-10 15:00:00+00:00,26.3,86.0,0.2,10.9,207.0,1011.0,470.0
2026-09-10 16:00:00+00:00,26.2,87.0,0.2,9.6,203.0,1010.7,385.0
2026-09-10 17:00:00+00:00,26.1,86.0,0.2,10.3,213.0,1010.3,465.0
2026-09-10 18:00:00+00:00,26.0,85.0,0.1,11.5,224.0,1010.1,490.0
2026-09-10 19:00:00+00:00,25.5,88.0,1.3,12.5,219.0,1010.1,440.0
2026-09-10 20:00:00+00:00,25.5,90.0,1.3,11.6,224.0,1009.8,430.0
2026-09-10 21:00:00+00:00,25.5,90.0,0.3,10.5,218.0,1010.0,425.0
2026-09-10 22:00:00+00:00,25.6,90.0,0.2,9.2,219.0,1010.2,350.0
2026-09-10 23:00:00+00:00,25.9,90.0,0.1,8.0,216.0,1010.6,330.0
2026-09-11 00:00:00+00:00,26.8,88.0,0.1,1.3,34.0,1011.3,55.0
2026-09-11 01:00:00+00:00,27.5,83.0,0.0,3.2,90.0,1011.7,335.0
2026-09-11 02:00:00+00:00,28.5,77.0,0.1,2.7,127.0,1011.6,570.0
2026-09-11 03:00:00+00:00,29.5,71.0,0.0,3.3,171.0,1011.3,730.0
2026-09-11 04:00:00+00:00,30.2,69.0,0.0,7.1,196.0,1010.9,800.0
2026-09-11 05:00:00+00:00,29.8,69.0,0.0,10.2,224.0,1010.2,655.0
2026-09-11 06:00:00+00:00,29.7,69.0,0.0,8.8,226.0,1009.8,685.0
2026-09-11 07:00:00+00:00,28.6,74.0,0.5,9.2,228.0,1009.5,520.0
2026-09-11 08:00:00+00:00,27.6,78.0,0.7,4.8,236.0,1009.6,300.0
2026-09-11 09:00:00+00:00,26.6,85.0,0.8,1.8,259.0,1009.6,105.0
2026-09-11 10:00:00+00:00,26.1,88.0,0.3,2.8,45.0,1010.2,55.0
2026-09-11 11:00:00+00:00,25.8,92.0,0.1,5.2,61.0,1010.7,65.0
2026-09-11 12:00:00+00:00,26.9,86.0,0.0,4.0,85.0,1011.2,90.0
2026-09-11 13:00:00+00:00,26.4,89.0,0.2,4.9,84.0,1011.8,100.0
2026-09-11 14:00:00+00:00,26.1,90.0,0.3,5.1,96.0,1012.1,105.0
2026-09-11 15:00:00+00:00,26.0,90.0,0.1,4.1,88.0,1012.3,80.0
2026-09-11 16:00:00+00:00,25.8,92.0,0.1,2.3,94.0,1011.4,60.0
2026-09-11 17:00:00+00:00,25.6,93.0,0.0,2.6,102.0,1010.9,55.0
2026-09-11 18:00:00+00:00,25.6,89.0,0.3,0.6,342.0,1010.6,35.0
2026-09-11 19:00:00+00:00,25.4,89.0,0.2,0.5,360.0,1010.5,60.0
2026-09-11 20:00:00+00:00,25.1,92.0,0.1,1.3,34.0,1010.0,60.0
2026-09-11 21:00:00+00:00,24.9,94.0,0.0,1.1,360.0,1010.1,45.0
2026-09-11 22:00:00+00:00,24.9,94.0,0.0,2.8,349.0,1010.3,70.0
2026-09-11 23:00:00+00:00,25.2,90.0,0.0,3.1,21.0,1011.0,95.0
2026-09-12 00:00:00+00:00,25.9,89.0,0.0,1.9,34.0,1011.5,70.0
2026-09-12 01:00:00+00:00,26.4,86.0,0.1,1.8,53.0,1012.1,95.0
2026-09-12 02:00:00+00:00,27.7,81.0,0.0,1.3,98.0,1012.2,285.0
2026-09-12 03:00:00+00:00,29.1,75.0,0.0,1.3,196.0,1012.2,545.0
2026-09-12 04:00:00+00:00,29.8,71.0,0.1,4.2,239.0,1011.4,680.0
2026-09-12 05:00:00+00:00,29.9,70.0,0.0,7.4,248.0,1010.4,780.0
2026-09-12 06:00:00+00:00,30.2,68.0,0.0,4.8,257.0,1009.9,905.0
2026-09-12 07:00:00+00:00,26.5,89.0,6.0,13.5,339.0,1010.3,350.0
2026-09-12 08:00:00+00:00,26.6,90.0,1.9,5.2,22.0,1009.7,170.0
2026-09-12 09:00:00+00:00,27.1,88.0,0.6,4.0,36.0,1010.1,240.0
2026-09-12 10:00:00+00:00,26.7,91.0,0.0,4.3,33.0,1010.5,205.0
2026-09-12 11:00:00+00:00,26.6,91.0,0.0,4.7,28.0,1011.0,170.0
2026-09-12 12:00:00+00:00,26.7,91.0,0.0,6.0,350.0,1011.6,220.0
2026-09-12 13:00:00+00:00,26.4,93.0,0.0,4.9,4.0,1012.4,170.0
2026-09-12 14:00:00+00:00,26.1,93.0,0.0,6.0,353.0,1012.4,175.0
2026-09-12 15:00:00+00:00,25.9,91.0,0.0,6.4,349.0,1012.2,265.0
2026-09-12 16:00:00+00:00,25.6,91.0,0.0,6.6,338.0,1011.7,270.0
2026-09-12 17:00:00+00:00,25.4,91.0,0.0,7.1,351.0,1011.5,320.0
2026-09-12 18:00:00+00:00,25.2,90.0,0.0,9.6,346.0,1011.0,475.0
2026-09-12 19:00:00+00:00,25.0,91.0,0.0,9.5,345.0,1010.8,470.0
2026-09-12 20:00:00+00:00,24.9,92.0,0.0,8.4,349.0,1010.7,465.0
2026-09-12 21:00:00+00:00,24.9,92.0,0.0,8.4,345.0,1010.6,465.0
2026-09-12 22:00:00+00:00,24.8,93.0,0.0,6.8,360.0,1010.3,390.0
2026-09-12 23:00:00+00:00,25.6,90.0,0.0,8.3,356.0,1010.5,615.0
2026-09-13 00:00:00+00:00,27.5,82.0,0.0,10.6,14.0,1011.4,680.0
2026-09-13 01:00:00+00:00,28.5,78.0,0.0,11.5,2.0,1011.4,830.0
2026-09-13 02:00:00+00:00,29.4,74.0,0.1,13.5,360.0,1011.5,815.0
2026-09-13 03:00:00+00:00,29.9,73.0,0.1,11.9,357.0,1010.9,670.0
2026-09-13 04:00:00+00:00,30.8,69.0,0.0,10.3,349.0,1009.8,665.0
2026-09-13 05:00:00+00:00,31.0,70.0,0.1,9.3,351.0,1009.0,720.0
2026-09-13 06:00:00+00:00,31.8,63.0,1.4,8.8,341.0,1008.0,1065.0
2026-09-13 07:00:00+00:00,31.0,69.0,0.2,8.1,3.0,1007.9,975.0
2026-09-13 08:00:00+00:00,29.5,75.0,1.0,9.0,15.0,1007.9,575.0
2026-09-13 09:00:00+00:00,28.8,81.0,1.1,7.4,26.0,1008.5,635.0
2026-09-13 10:00:00+00:00,28.4,84.0,0.0,3.1,3.0,1008.9,620.0
2026-09-13 11:00:00+00:00,27.4,88.0,0.0,0.6,214.0,1009.6,25.0
2026-09-13 12:00:00+00:00,25.8,95.0,0.1,4.5,37.0,1010.9,130.0
2026-09-13 13:00:00+00:00,25.2,95.0,1.3,6.4,350.0,1011.2,110.0
2026-09-13 14:00:00+00:00,24.7,96.0,1.3,8.9,27.0,1011.8,180.0
2026-09-13 15:00:00+00:00,24.6,96.0,1.9,7.1,34.0,1011.6,170.0
2026-09-13 16:00:00+00:00,24.7,93.0,0.7,10.6,4.0,1010.7,355.0
2026-09-13 17:00:00+00:00,24.6,94.0,0.1,7.6,4.0,1009.4,245.0
2026-09-13 18:00:00+00:00,25.3,91.0,0.0,2.6,321.0,1009.5,65.0
2026-09-13 19:00:00+00:00,25.0,93.0,0.0,4.7,293.0,1009.0,115.0
2026-09-13 20:00:00+00:00,24.7,93.0,0.0,4.3,355.0,1009.2,120.0
2026-09-13 21:00:00+00:00,24.5,95.0,0.0,3.3,315.0,1008.7,100.0
2026-09-13 22:00:00+00:00,24.4,95.0,0.0,5.3,350.0,1008.8,145.0
2026-09-13 23:00:00+00:00,25.1,93.0,0.0,2.9,353.0,1009.0,175.0
2026-09-14 00:00:00+00:00,27.6,84.0,0.0,2.4,17.0,1009.8,355.0
2026-09-14 01:00:00+00:00,29.0,79.0,0.0,2.2,355.0,1009.6,475.0
2026-09-14 02:00:00+00:00,30.2,72.0,0.0,2.6,309.0,1009.3,610.0
2026-09-14 03:00:00+00:00,31.2,66.0,0.0,3.3,264.0,1008.7,790.0
2026-09-14 04:00:00+00:00,31.5,66.0,0.0,4.8,248.0,1007.7,885.0
2026-09-14 05:00:00+00:00,31.5,67.0,0.1,6.9,247.0,1006.9,860.0
2026-09-14 06:00:00+00:00,32.2,65.0,0.0,8.1,249.0,1005.9,520.0
2026-09-14 07:00:00+00:00,31.5,66.0,0.1,6.9,229.0,1005.8,330.0
2026-09-14 08:00:00+00:00,30.8,70.0,0.2,7.3,187.0,1005.6,225.0
2026-09-14 09:00:00+00:00,30.1,72.0,0.0,5.7,191.0,1006.0,310.0
2026-09-14 10:00:00+00:00,28.9,82.0,0.2,3.6,237.0,1006.8,145.0
2026-09-14 11:00:00+00:00,27.7,90.0,0.3,6.8,58.0,1007.4,110.0
2026-09-14 12:00:00+00:00,28.3,86.0,0.4,6.0,25.0,1008.1,115.0
2026-09-14 13:00:00+00:00,27.9,90.0,0.0,2.0,45.0,1008.3,35.0
2026-09-14 14:00:00+00:00,27.3,93.0,0.0,2.5,60.0,1008.4,40.0
2026-09-14 15:00:00+00:00,26.8,94.0,0.0,2.9,30.0,1008.5,60.0
2026-09-14 16:00:00+00:00,26.3,96.0,0.0,4.0,350.0,1008.2,70.0
2026-09-14 17:00:00+00:00,25.8,96.0,0.0,3.8,341.0,1007.8,75.0
2026-09-14 18:00:00+00:00,25.9,93.0,0.0,5.4,318.0,1007.7,110.0
2026-09-14 19:00:00+00:00,25.6,93.0,0.0,3.6,351.0,1007.4,90.0
2026-09-14 20:00:00+00:00,25.5,93.0,0.0,1.6,354.0,1007.2,65.0
2026-09-14 21:00:00+00:00,25.4,93.0,0.0,2.7,62.0,1007.4,75.0
2026-09-14 22:00:00+00:00,25.3,95.0,0.0,3.2,90.0,1007.7,75.0
2026-09-14 23:00:00+00:00,26.3,91.0,0.0,3.5,118.0,1008.3,160.0
2026-09-15 00:00:00+00:00,28.6,81.0,0.0,0.9,53.0,1008.7,245.0
2026-09-15 01:00:00+00:00,30.2,75.0,0.1,0.7,166.0,1009.1,755.0
2026-09-15 02:00:00+00:00,30.8,74.0,0.1,1.5,216.0,1009.0,935.0
2026-09-15 03:00:00+00:00,28.8,78.0,1.2,8.7,223.0,1008.8,305.0
2026-09-15 04:00:00+00:00,26.5,92.0,4.5,1.6,264.0,1008.7,195.0
2026-09-15 05:00:00+00:00,28.9,81.0,0.9,2.3,241.0,1007.7,280.0
2026-09-15 06:00:00+00:00,31.3,69.0,0.3,1.9,209.0,1006.9,1055.0
2026-09-15 07:00:00+00:00,31.0,72.0,0.2,0.6,198.0,1006.5,880.0
2026-09-15 08:00:00+00:00,30.5,75.0,0.3,1.8,156.0,1006.5,755.0
2026-09-15 09:00:00+00:00,29.5,80.0,0.4,0.9,259.0,1006.8,505.0
2026-09-15 10:00:00+00:00,28.8,84.0,0.3,4.7,317.0,1007.2,205.0
2026-09-15 11:00:00+00:00,28.1,88.0,0.0,3.7,281.0,1007.7,165.0
2026-09-15 12:00:00+00:00,27.2,89.0,0.0,6.6,347.0,1008.4,155.0
2026-09-15 13:00:00+00:00,26.9,90.0,0.0,5.1,356.0,1008.6,90.0
2026-09-15 14:00:00+00:00,26.9,89.0,0.0,4.6,11.0,1008.4,85.0
2026-09-15 15:00:00+00:00,26.7,90.0,0.0,2.7,32.0,1008.2,60.0
2026-09-15 16:00:00+00:00,26.5,90.0,0.0,2.7,20.0,1007.9,60.0
2026-09-15 17:00:00+00:00,26.3,90.0,0.0,2.7,356.0,1007.8,60.0
2026-09-15 18:00:00+00:00,26.0,91.0,0.0,3.5,336.0,1007.5,65.0
2026-09-15 19:00:00+00:00,25.9,91.0,0.0,2.2,318.0,1007.3,70.0
2026-09-15 20:00:00+00:00,25.7,91.0,0.0,2.3,331.0,1007.3,70.0
2026-09-15 21:00:00+00:00,25.6,91.0,0.0,4.2,355.0,1007.5,90.0
2026-09-15 22:00:00+00:00,25.4,91.0,0.0,5.5,351.0,1007.9,115.0
2026-09-15 23:00:00+00:00,26.0,91.0,0.0,5.1,352.0,1008.0,155.0
2026-09-16 00:00:00+00:00,29.2,80.0,0.0,7.8,356.0,1008.8,360.0
2026-09-16 01:00:00+00:00,30.3,72.0,0.0,4.6,18.0,1008.9,795.0
2026-09-16 02:00:00+00:00,30.8,71.0,0.1,1.4,113.0,1008.4,970.0
2026-09-16 03:00:00+00:00,31.0,73.0,0.2,3.1,180.0,1007.9,960.0
2026-09-16 04:00:00+00:00,30.9,73.0,0.2,7.0,203.0,1007.2,825.0
2026-09-16 05:00:00+00:00,30.6,75.0,0.2,9.2,201.0,1006.3,705.0
2026-09-16 06:00:00+00:00,29.7,77.0,1.4,6.0,196.0,1006.1,325.0
2026-09-16 07:00:00+00:00,27.3,89.0,6.1,8.0,84.0,1006.4,300.0
2026-09-16 08:00:00+00:00,27.3,90.0,1.3,6.0,119.0,1006.5,295.0
2026-09-16 09:00:00+00:00,26.9,89.0,1.2,4.3,105.0,1006.8,370.0
2026-09-16 10:00:00+00:00,26.0,95.0,6.8,2.8,305.0,1007.8,90.0
2026-09-16 11:00:00+00:00,26.1,94.0,1.0,3.6,210.0,1008.8,215.0
2026-09-16 12:00:00+00:00,26.6,91.0,1.5,3.2,344.0,1008.6,185.0
2026-09-16 13:00:00+00:00,26.3,94.0,0.0,6.6,331.0,1009.0,160.0
2026-09-16 14:00:00+00:00,26.1,94.0,0.0,6.9,335.0,1009.2,155.0
2026-09-16 15:00:00+00:00,25.9,95.0,0.0,4.2,342.0,1008.9,120.0
2026-09-16 16:00:00+00:00,26.1,94.0,0.0,0.6,288.0,1008.6,70.0
2026-09-16 17:00:00+00:00,26.0,93.0,0.0,2.2,9.0,1007.7,105.0
2026-09-16 18:00:00+00:00,24.9,94.0,0.0,8.1,1.0,1008.1,240.0
2026-09-16 19:00:00+00:00,24.6,94.0,0.0,7.3,42.0,1008.0,225.0
2026-09-16 20:00:00+00:00,24.8,93.0,0.0,1.6,84.0,1007.3,95.0
2026-09-16 21:00:00+00:00,24.9,93.0,0.0,2.2,284.0,1007.1,75.0
2026-09-16 22:00:00+00:00,24.8,94.0,0.0,3.8,329.0,1007.6,105.0
2026-09-16 23:00:00+00:00,25.3,93.0,0.0,3.7,293.0,1007.8,120.0
2026-09-17 00:00:00+00:00,27.8,87.0,0.0,5.0,358.0,1008.3,275.0
2026-09-17 01:00:00+00:00,29.1,78.0,0.0,4.3,17.0,1008.3,565.0
2026-09-17 02:00:00+00:00,30.1,75.0,0.1,3.2,34.0,1007.9,860.0
2026-09-17 03:00:00+00:00,30.6,74.0,0.1,0.8,135.0,1007.6,970.0
2026-09-17 04:00:00+00:00,28.8,80.0,1.4,7.3,157.0,1007.2,420.0
2026-09-17 05:00:00+00:00,27.2,87.0,2.7,6.8,183.0,1006.7,285.0
2026-09-17 06:00:00+00:00,27.3,86.0,1.0,9.5,144.0,1006.6,315.0
2026-09-17 07:00:00+00:00,26.5,92.0,4.5,7.0,148.0,1007.0,305.0
2026-09-17 08:00:00+00:00,26.9,90.0,2.1,4.1,268.0,1006.9,265.0
2026-09-17 09:00:00+00:00,26.7,91.0,0.6,2.0,117.0,1007.4,235.0
2026-09-17 10:00:00+00:00,26.3,95.0,1.5,2.4,138.0,1008.3,180.0
2026-09-17 11:00:00+00:00,26.1,96.0,1.4,0.9,349.0,1008.6,60.0
2026-09-17 12:00:00+00:00,25.6,95.0,0.6,3.7,29.0,1009.1,95.0
2026-09-17 13:00:00+00:00,25.6,96.0,0.0,4.1,2.0,1009.6,120.0
2026-09-17 14:00:00+00:00,25.9,95.0,0.0,3.0,343.0,1009.9,155.0
2026-09-17 15:00:00+00:00,25.9,95.0,0.0,5.5,319.0,1009.7,185.0
2026-09-17 16:00:00+00:00,25.9,95.0,0.2,5.7,307.0,1009.2,180.0
2026-09-17 17:00:00+00:00,25.7,96.0,0.3,5.6,343.0,1008.8,180.0
2026-09-17 18:00:00+00:00,25.0,95.0,0.0,7.8,355.0,1008.8,185.0
2026-09-17 19:00:00+00:00,25.0,96.0,0.0,2.8,27.0,1008.7,95.0
2026-09-17 20:00:00+00:00,24.9,97.0,0.0,4.9,107.0,1008.7,130.0
2026-09-17 21:00:00+00:00,25.0,96.0,0.0,3.3,126.0,1008.6,140.0
2026-09-17 22:00:00+00:00,25.1,96.0,0.0,1.4,50.0,1008.5,40.0
2026-09-17 23:00:00+00:00,26.2,90.0,0.0,1.3,344.0,1009.1,235.0
2026-09-18 00:00:00+00:00,27.8,86.0,0.0,1.2,321.0,1009.6,310.0
2026-09-18 01:00:00+00:00,29.0,82.0,0.0,3.3,248.0,1010.0,510.0
2026-09-18 02:00:00+00:00,29.9,78.0,0.0,2.8,255.0,1010.3,705.0
2026-09-18 03:00:00+00:00,30.5,74.0,0.0,4.4,251.0,1010.0,830.0
2026-09-18 04:00:00+00:00,28.1,83.0,0.7,11.1,224.0,1009.4,275.0
2026-09-18 05:00:00+00:00,25.4,96.0,4.6,9.1,69.0,1009.4,195.0
2026-09-18 06:00:00+00:00,26.9,93.0,4.9,6.0,106.0,1008.7,170.0
2026-09-18 07:00:00+00:00,27.1,90.0,3.0,2.4,42.0,1008.8,225.0
2026-09-18 08:00:00+00:00,27.7,89.0,0.7,4.5,265.0,1008.9,235.0
2026-09-18 09:00:00+00:00,27.5,87.0,0.6,3.4,245.0,1008.9,205.0
2026-09-18 10:00:00+00:00,27.1,90.0,1.0,1.8,191.0,1009.6,60.0
2026-09-18 11:00:00+00:00,26.8,93.0,0.3,2.1,31.0,1010.2,40.0
2026-09-18 12:00:00+00:00,27.4,91.0,0.0,2.1,110.0,1010.4,115.0
2026-09-18 13:00:00+00:00,27.2,92.0,0.0,1.3,98.0,1011.0,85.0
2026-09-18 14:00:00+00:00,26.5,95.0,0.0,6.6,22.0,1011.3,90.0
2026-09-18 15:00:00+00:00,25.9,95.0,0.0,9.4,11.0,1011.6,155.0
2026-09-18 16:00:00+00:00,25.5,95.0,0.0,7.9,13.0,1011.3,145.0
2026-09-18 17:00:00+00:00,25.5,95.0,0.0,8.0,8.0,1010.8,170.0
2026-09-18 18:00:00+00:00,25.5,96.0,0.0,8.1,342.0,1010.6,170.0
2026-09-18 19:00:00+00:00,25.3,96.0,0.0,6.6,349.0,1010.2,145.0
2026-09-18 20:00:00+00:00,25.1,96.0,0.0,4.7,2.0,1010.0,105.0
2026-09-18 21:00:00+00:00,24.8,98.0,0.0,4.6,18.0,1010.2,70.0
2026-09-18 22:00:00+00:00,24.7,98.0,0.0,1.9,22.0,1010.4,55.0
2026-09-18 23:00:00+00:00,25.5,95.0,0.0,0.7,194.0,1011.3,105.0
2026-09-19 00:00:00+00:00,27.1,90.0,0.0,0.6,162.0,1011.7,160.0
2026-09-19 01:00:00+00:00,29.0,81.0,0.0,4.2,192.0,1012.0,390.0
2026-09-19 02:00:00+00:00,30.0,76.0,0.0,5.3,215.0,1011.9,555.0
2026-09-19 03:00:00+00:00,30.8,73.0,0.0,4.8,239.0,1011.5,755.0
2026-09-19 04:00:00+00:00,30.7,75.0,0.1,4.2,282.0,1011.1,665.0
2026-09-19 05:00:00+00:00,28.3,84.0,2.8,6.8,25.0,1010.9,330.0
2026-09-19 06:00:00+00:00,27.5,92.0,2.0,6.6,55.0,1010.4,165.0
2026-09-19 07:00:00+00:00,27.9,90.0,1.2,5.8,129.0,1010.8,245.0
2026-09-19 08:00:00+00:00,28.3,87.0,0.7,3.9,103.0,1010.7,310.0
2026-09-19 09:00:00+00:00,28.2,86.0,0.4,4.3,112.0,1010.7,315.0
2026-09-19 10:00:00+00:00,27.1,87.0,1.1,1.7,41.0,1011.8,25.0
2026-09-19 11:00:00+00:00,26.0,97.0,2.7,6.8,50.0,1012.3,125.0
2026-09-19 12:00:00+00:00,26.3,97.0,0.5,7.5,15.0,1012.6,105.0
2026-09-19 13:00:00+00:00,25.9,96.0,0.7,9.4,31.0,1013.6,155.0
2026-09-19 14:00:00+00:00,25.6,95.0,0.4,5.0,26.0,1013.6,110.0
2026-09-19 15:00:00+00:00,25.4,96.0,0.1,4.5,344.0,1013.5,95.0
2026-09-19 16:00:00+00:00,25.2,97.0,0.1,5.1,333.0,1013.1,110.0
2026-09-19 17:00:00+00:00,24.9,99.0,0.0,7.2,332.0,1012.3,150.0
2026-09-19 18:00:00+00:00,25.1,99.0,0.0,5.6,2.0,1012.0,130.0
2026-09-19 19:00:00+00:00,24.9,99.0,0.0,4.3,360.0,1011.9,110.0
2026-09-19 20:00:00+00:00,24.9,99.0,0.0,2.4,13.0,1011.8,70.0
2026-09-19 21:00:00+00:00,25.0,97.0,0.0,3.5,351.0,1011.7,100.0
2026-09-19 22:00:00+00:00,25.0,97.0,0.0,3.8,343.0,1011.9,115.0
2026-09-19 23:00:00+00:00,25.5,96.0,0.0,1.6,360.0,1012.4,115.0
2026-09-20 00:00:00+00:00,27.1,90.0,0.0,0.8,225.0,1012.9,175.0
2026-09-20 01:00:00+00:00,29.0,80.0,0.0,1.0,211.0,1013.1,395.0
2026-09-20 02:00:00+00:00,30.1,75.0,0.0,1.3,225.0,1012.9,570.0
2026-09-20 03:00:00+00:00,30.8,72.0,0.0,4.8,222.0,1012.3,735.0
2026-09-20 04:00:00+00:00,31.0,70.0,0.0,6.6,221.0,1011.4,670.0
2026-09-20 05:00:00+00:00,31.4,64.0,0.0,7.3,237.0,1010.3,750.0
2026-09-20 06:00:00+00:00,31.5,66.0,0.0,8.8,227.0,1009.9,835.0
2026-09-20 07:00:00+00:00,31.0,68.0,0.0,10.6,220.0,1009.8,705.0
2026-09-20 08:00:00+00:00,30.4,71.0,0.5,9.6,223.0,1009.7,545.0
2026-09-20 09:00:00+00:00,29.1,77.0,0.2,5.8,261.0,1009.7,215.0
2026-09-20 10:00:00+00:00,28.1,87.0,0.6,6.0,3.0,1010.0,155.0
2026-09-20 11:00:00+00:00,27.7,90.0,0.1,5.3,28.0,1010.4,130.0
2026-09-20 12:00:00+00:00,27.9,89.0,0.0,3.8,19.0,1011.3,105.0
2026-09-20 13:00:00+00:00,27.5,91.0,0.0,3.2,16.0,1011.8,90.0
2026-09-20 14:00:00+00:00,27.1,93.0,0.0,2.7,360.0,1011.7,75.0
2026-09-20 15:00:00+00:00,26.9,94.0,0.0,1.8,360.0,1011.6,65.0
2026-09-20 16:00:00+00:00,26.7,95.0,0.0,1.5,346.0,1011.1,70.0
2026-09-20 17:00:00+00:00,26.5,95.0,0.0,1.5,353.0,1010.3,80.0
2026-09-20 18:00:00+00:00,26.2,95.0,0.0,0.9,259.0,1010.3,125.0
2026-09-20 19:00:00+00:00,25.5,96.0,2.9,1.0,338.0,1010.1,130.0
2026-09-20 20:00:00+00:00,25.2,96.0,1.3,2.3,51.0,1009.6,95.0
2026-09-20 21:00:00+00:00,23.8,98.0,1.9,5.6,88.0,1010.1,95.0
2026-09-20 22:00:00+00:00,24.0,94.0,0.4,5.8,97.0,1010.2,100.0
2026-09-20 23:00:00+00:00,25.0,93.0,0.1,3.7,55.0,1010.4,110.0
2026-09-21 00:00:00+00:00,26.6,87.0,0.0,4.6,162.0,1011.0,215.0
2026-09-21 01:00:00+00:00,27.3,80.0,0.1,7.7,198.0,1011.6,390.0
2026-09-21 02:00:00+00:00,28.2,79.0,0.1,5.7,191.0,1011.1,440.0
2026-09-21 03:00:00+00:00,29.2,77.0,0.0,6.0,190.0,1010.6,510.0
2026-09-21 04:00:00+00:00,29.6,75.0,0.0,8.0,214.0,1009.8,505.0
2026-09-21 05:00:00+00:00,30.0,74.0,0.0,8.7,207.0,1008.8,450.0
2026-09-21 06:00:00+00:00,31.4,68.0,0.0,11.4,221.0,1007.4,1020.0
2026-09-21 07:00:00+00:00,29.6,75.0,1.3,10.3,235.0,1007.5,540.0
2026-09-21 08:00:00+00:00,29.0,76.0,0.9,9.3,199.0,1007.4,395.0
2026-09-21 09:00:00+00:00,27.7,82.0,1.5,1.1,18.0,1008.1,360.0
2026-09-21 10:00:00+00:00,26.6,89.0,0.9,5.4,14.0,1009.0,275.0
2026-09-21 11:00:00+00:00,25.5,94.0,0.6,9.7,12.0,1009.3,210.0
2026-09-21 12:00:00+00:00,27.0,92.0,0.0,2.7,337.0,1009.9,90.0
2026-09-21 13:00:00+00:00,26.7,94.0,0.1,4.5,37.0,1010.4,100.0
2026-09-21 14:00:00+00:00,26.5,95.0,0.0,4.0,27.0,1010.9,75.0
2026-09-21 15:00:00+00:00,26.0,95.0,0.6,7.1,330.0,1010.8,140.0
2026-09-21 16:00:00+00:00,25.5,95.0,0.1,6.0,339.0,1010.4,120.0
2026-09-21 17:00:00+00:00,25.2,95.0,0.0,4.6,339.0,1009.9,100.0
2026-09-21 18:00:00+00:00,25.5,98.0,0.0,4.5,34.0,1009.3,115.0
2026-09-21 19:00:00+00:00,24.6,97.0,2.0,7.4,135.0,1009.4,175.0
2026-09-21 20:00:00+00:00,24.5,98.0,1.3,5.9,90.0,1008.9,125.0
2026-09-21 21:00:00+00:00,24.6,97.0,0.9,5.1,94.0,1009.0,110.0
2026-09-21 22:00:00+00:00,24.8,96.0,0.1,2.8,140.0,1009.5,110.0
2026-09-21 23:00:00+00:00,25.5,93.0,0.0,2.9,133.0,1009.7,130.0
2026-09-22 00:00:00+00:00,27.5,86.0,0.0,2.9,83.0,1010.7,265.0
2026-09-22 01:00:00+00:00,29.0,80.0,0.0,2.0,95.0,1011.2,440.0
2026-09-22 02:00:00+00:00,30.1,75.0,0.0,1.5,173.0,1010.8,630.0
2026-09-22 03:00:00+00:00,30.8,72.0,0.1,3.6,217.0,1010.5,815.0
2026-09-22 04:00:00+00:00,31.2,69.0,0.1,8.7,232.0,1009.5,835.0
2026-09-22 05:00:00+00:00,31.1,69.0,0.0,8.5,249.0,1008.8,750.0
2026-09-22 06:00:00+00:00,28.9,78.0,0.0,4.3,147.0,1008.7,525.0
2026-09-22 07:00:00+00:00,29.2,76.0,0.6,3.7,137.0,1008.3,540.0
2026-09-22 08:00:00+00:00,29.2,75.0,0.1,3.1,159.0,1007.9,610.0
2026-09-22 09:00:00+00:00,28.6,77.0,0.0,3.4,198.0,1008.3,165.0
2026-09-22 10:00:00+00:00,26.3,90.0,1.3,7.0,177.0,1009.4,215.0
2026-09-22 11:00:00+00:00,25.5,94.0,1.4,4.1,131.0,1010.9,135.0
2026-09-22 12:00:00+00:00,25.7,96.0,4.0,7.2,25.0,1011.5,240.0
2026-09-22 13:00:00+00:00,25.5,97.0,0.6,4.8,15.0,1012.1,155.0
2026-09-22 14:00:00+00:00,24.5,96.0,0.7,6.9,81.0,1012.7,220.0
2026-09-22 15:00:00+00:00,24.8,94.0,0.6,3.7,43.0,1013.0,150.0
2026-09-22 16:00:00+00:00,24.6,96.0,0.3,4.0,18.0,1012.0,145.0
2026-09-22 17:00:00+00:00,24.6,96.0,0.0,1.2,63.0,1011.3,135.0
2026-09-22 18:00:00+00:00,25.1,94.0,0.0,3.0,65.0,1010.5,85.0
2026-09-22 19:00:00+00:00,25.2,94.0,0.0,0.9,349.0,1010.5,40.0
2026-09-22 20:00:00+00:00,25.0,96.0,0.0,2.8,35.0,1010.0,60.0
2026-09-22 21:00:00+00:00,24.7,98.0,0.0,5.0,41.0,1010.1,65.0
2026-09-22 22:00:00+00:00,24.6,98.0,0.0,2.8,35.0,1010.3,40.0
2026-09-22 23:00:00+00:00,25.2,97.0,0.0,1.9,41.0,1011.1,55.0
2026-09-23 00:00:00+00:00,27.8,79.0,0.0,1.3,45.0,1011.6,235.0
2026-09-23 01:00:00+00:00,29.3,74.0,0.0,1.0,301.0,1011.9,550.0
2026-09-23 02:00:00+00:00,30.3,72.0,0.0,1.9,241.0,1011.8,695.0
2026-09-23 03:00:00+00:00,31.0,69.0,0.0,3.9,236.0,1011.4,810.0
2026-09-23 04:00:00+00:00,31.5,67.0,0.0,7.6,236.0,1010.4,900.0
2026-09-23 05:00:00+00:00,31.1,70.0,0.0,5.3,242.0,1009.5,740.0
2026-09-23 06:00:00+00:00,28.8,80.0,0.4,3.4,72.0,1009.5,430.0
2026-09-23 07:00:00+00:00,29.8,77.0,0.1,0.3,135.0,1008.9,555.0
2026-09-23 08:00:00+00:00,30.0,76.0,0.1,2.9,266.0,1008.7,705.0
2026-09-23 09:00:00+00:00,29.1,80.0,0.1,3.3,299.0,1009.5,265.0
2026-09-23 10:00:00+00:00,26.0,94.0,9.1,4.8,333.0,1011.0,170.0
2026-09-23 11:00:00+00:00,26.1,95.0,1.1,4.6,111.0,1011.5,180.0
2026-09-23 12:00:00+00:00,26.1,93.0,0.4,3.6,93.0,1011.8,130.0
2026-09-23 13:00:00+00:00,26.2,91.0,0.0,3.4,115.0,1012.1,140.0
2026-09-23 14:00:00+00:00,26.4,90.0,0.0,1.0,158.0,1012.5,120.0
2026-09-23 15:00:00+00:00,26.4,89.0,0.0,1.9,311.0,1012.4,110.0
2026-09-23 16:00:00+00:00,25.9,92.0,0.0,3.2,333.0,1011.9,85.0
2026-09-23 17:00:00+00:00,25.6,96.0,0.0,3.9,22.0,1011.3,90.0
2026-09-23 18:00:00+00:00,25.4,96.0,0.0,4.7,16.0,1011.0,90.0
2026-09-23 19:00:00+00:00,25.0,96.0,0.0,4.5,29.0,1010.8,90.0
2026-09-23 20:00:00+00:00,24.7,97.0,0.0,3.7,29.0,1010.4,65.0
2026-09-23 21:00:00+00:00,24.6,98.0,0.0,3.1,24.0,1010.7,55.0
2026-09-23 22:00:00+00:00,24.6,96.0,0.0,3.7,14.0,1011.0,65.0
2026-09-23 23:00:00+00:00,25.2,94.0,0.0,3.2,360.0,1011.7,90.0
2026-09-24 00:00:00+00:00,27.3,90.0,0.0,2.8,342.0,1012.2,165.0
2026-09-24 01:00:00+00:00,29.2,79.0,0.0,1.9,338.0,1012.6,360.0
2026-09-24 02:00:00+00:00,30.5,72.0,0.0,1.8,270.0,1012.4,750.0
2026-09-24 03:00:00+00:00,31.2,68.0,0.0,5.5,247.0,1011.6,960.0
2026-09-24 04:00:00+00:00,31.5,67.0,0.0,8.4,254.0,1010.7,1020.0
2026-09-24 05:00:00+00:00,31.0,67.0,0.0,10.9,254.0,1009.6,750.0
2026-09-24 06:00:00+00:00,28.6,82.0,0.2,7.5,30.0,1009.4,405.0
2026-09-24 07:00:00+00:00,28.8,81.0,0.3,7.7,24.0,1009.0,325.0
2026-09-24 08:00:00+00:00,28.9,79.0,0.0,8.2,23.0,1008.9,380.0
2026-09-24 09:00:00+00:00,28.6,79.0,0.0,4.2,25.0,1009.3,360.0
2026-09-24 10:00:00+00:00,28.1,85.0,0.0,2.3,4.0,1009.9,270.0
2026-09-24 11:00:00+00:00,27.7,89.0,0.0,2.3,18.0,1010.6,115.0
2026-09-24 12:00:00+00:00,25.7,95.0,0.0,5.0,49.0,1011.6,100.0
2026-09-24 13:00:00+00:00,25.9,95.0,0.6,5.8,56.0,1012.1,95.0
2026-09-24 14:00:00+00:00,26.1,95.0,0.0,4.0,51.0,1011.9,85.0
2026-09-24 15:00:00+00:00,26.3,94.0,0.0,2.2,76.0,1011.6,65.0
2026-09-24 16:00:00+00:00,26.3,94.0,0.0,0.4,207.0,1011.2,60.0
2026-09-24 17:00:00+00:00,25.8,97.0,0.0,0.0,270.0,1010.8,10.0
2026-09-24 18:00:00+00:00,25.6,96.0,0.0,4.0,5.0,1010.8,145.0
2026-09-24 19:00:00+00:00,25.4,97.0,0.0,3.4,3.0,1010.4,120.0
2026-09-24 20:00:00+00:00,25.2,98.0,0.0,3.4,360.0,1010.3,105.0
2026-09-24 21:00:00+00:00,25.0,98.0,0.0,3.5,21.0,1010.5,90.0
2026-09-24 22:00:00+00:00,24.8,99.0,0.0,3.8,8.0,1010.7,55.0
2026-09-24 23:00:00+00:00,25.5,95.0,0.0,3.1,7.0,1011.3,115.0
2026-09-25 00:00:00+00:00,27.9,85.0,0.0,1.3,360.0,1011.8,210.0
2026-09-25 01:00:00+00:00,29.5,78.0,0.0,1.2,243.0,1011.9,460.0
2026-09-25 02:00:00+00:00,30.8,68.0,0.1,2.7,208.0,1011.7,765.0
2026-09-25 03:00:00+00:00,31.4,64.0,0.2,3.5,219.0,1011.1,885.0
2026-09-25 04:00:00+00:00,31.8,65.0,0.1,5.9,239.0,1010.4,975.0
2026-09-25 05:00:00+00:00,32.0,67.0,0.0,7.4,236.0,1009.5,1180.0
2026-09-25 06:00:00+00:00,30.2,70.0,0.2,2.4,132.0,1009.4,605.0
2026-09-25 07:00:00+00:00,29.4,77.0,1.7,5.6,57.0,1008.6,320.0
2026-09-25 08:00:00+00:00,30.2,74.0,0.2,4.2,43.0,1009.0,425.0
2026-09-25 09:00:00+00:00,29.9,75.0,0.0,3.6,20.0,1009.3,295.0
2026-09-25 10:00:00+00:00,27.6,84.0,0.9,4.5,310.0,1010.2,95.0
2026-09-25 11:00:00+00:00,26.4,93.0,3.1,4.3,132.0,1010.9,65.0
2026-09-25 12:00:00+00:00,27.5,90.0,0.7,6.4,43.0,1011.2,150.0
2026-09-25 13:00:00+00:00,26.9,93.0,0.0,5.0,35.0,1011.3,105.0
2026-09-25 14:00:00+00:00,26.5,94.0,0.0,2.1,15.0,1011.3,55.0
2026-09-25 15:00:00+00:00,26.3,96.0,0.0,1.4,360.0,1011.2,35.0
2026-09-25 16:00:00+00:00,25.8,99.0,0.0,3.1,21.0,1010.9,35.0
2026-09-25 17:00:00+00:00,25.4,99.0,0.0,4.1,23.0,1010.2,45.0
2026-09-25 18:00:00+00:00,25.6,97.0,0.0,4.2,335.0,1010.0,70.0
2026-09-25 19:00:00+00:00,25.0,99.0,0.0,4.8,11.0,1010.1,65.0
2026-09-25 20:00:00+00:00,24.7,99.0,0.0,5.1,18.0,1010.0,70.0
2026-09-25 21:00:00+00:00,24.6,96.0,0.0,2.8,15.0,1010.2,55.0
2026-09-25 22:00:00+00:00,24.5,97.0,0.0,2.8,40.0,1010.6,45.0
2026-09-25 23:00:00+00:00,25.2,93.0,0.0,2.3,18.0,1010.9,70.0
2026-09-26 00:00:00+00:00,27.6,84.0,0.0,1.8,90.0,1011.7,150.0
2026-09-26 01:00:00+00:00,29.6,73.0,0.0,1.8,180.0,1011.9,510.0
2026-09-26 02:00:00+00:00,30.6,70.0,0.1,4.5,220.0,1011.8,745.0
2026-09-26 03:00:00+00:00,30.9,70.0,0.0,5.7,224.0,1011.3,840.0
2026-09-26 04:00:00+00:00,31.2,68.0,0.0,6.1,220.0,1010.4,765.0
2026-09-26 05:00:00+00:00,31.6,64.0,0.0,8.7,227.0,1009.3,745.0
2026-09-26 06:00:00+00:00,31.9,61.0,0.0,10.3,229.0,1008.6,990.0
2026-09-26 07:00:00+00:00,31.5,64.0,0.0,9.8,212.0,1008.4,955.0
2026-09-26 08:00:00+00:00,30.8,65.0,0.0,12.0,224.0,1008.3,720.0
2026-09-26 09:00:00+00:00,30.5,67.0,0.0,10.0,218.0,1008.4,725.0
2026-09-26 10:00:00+00:00,29.7,72.0,0.0,5.3,213.0,1008.9,415.0
2026-09-26 11:00:00+00:00,27.5,82.0,0.3,5.1,4.0,1010.0,95.0
2026-09-26 12:00:00+00:00,27.6,89.0,0.3,6.1,19.0,1010.5,95.0
2026-09-26 13:00:00+00:00,27.2,89.0,0.0,6.1,45.0,1011.0,95.0
2026-09-26 14:00:00+00:00,26.9,90.0,0.0,4.0,8.0,1011.1,65.0
2026-09-26 15:00:00+00:00,26.5,92.0,0.0,3.3,351.0,1010.8,60.0
2026-09-26 16:00:00+00:00,26.1,95.0,0.0,4.2,353.0,1010.1,65.0
2026-09-26 17:00:00+00:00,25.7,96.0,0.0,4.7,353.0,1009.4,65.0
2026-09-26 18:00:00+00:00,25.4,96.0,0.0,5.1,333.0,1009.5,85.0
2026-09-26 19:00:00+00:00,25.1,95.0,0.0,4.0,324.0,1009.5,95.0
2026-09-26 20:00:00+00:00,25.0,95.0,0.0,3.8,5.0,1009.5,115.0
2026-09-26 21:00:00+00:00,24.8,95.0,0.0,3.2,19.0,1009.7,130.0
2026-09-26 22:00:00+00:00,24.8,96.0,0.0,3.2,27.0,1009.9,120.0
2026-09-26 23:00:00+00:00,25.4,94.0,0.0,2.1,20.0,1010.6,120.0
2026-09-27 00:00:00+00:00,27.6,89.0,0.0,0.4,207.0,1011.1,170.0
2026-09-27 01:00:00+00:00,29.5,77.0,0.0,2.3,270.0,1011.2,450.0
2026-09-27 02:00:00+00:00,30.7,70.0,0.0,3.2,273.0,1010.9,730.0
2026-09-27 03:00:00+00:00,31.5,67.0,0.0,4.6,261.0,1010.2,905.0
2026-09-27 04:00:00+00:00,31.9,66.0,0.0,6.7,250.0,1009.3,900.0
2026-09-27 05:00:00+00:00,32.3,61.0,0.0,7.8,244.0,1008.3,850.0
2026-09-27 06:00:00+00:00,32.7,56.0,0.0,7.0,241.0,1007.6,990.0
2026-09-27 07:00:00+00:00,32.3,55.0,0.0,9.8,235.0,1007.3,845.0
2026-09-27 08:00:00+00:00,31.3,63.0,0.0,11.8,236.0,1007.2,535.0
2026-09-27 09:00:00+00:00,30.4,73.0,0.0,8.0,250.0,1007.7,490.0
2026-09-27 10:00:00+00:00,27.5,82.0,1.3,2.3,176.0,1008.9,45.0
2026-09-27 11:00:00+00:00,26.0,91.0,2.0,3.9,74.0,1009.6,55.0
2026-09-27 12:00:00+00:00,28.8,82.0,0.1,3.7,61.0,1010.1,65.0
2026-09-27 13:00:00+00:00,28.3,87.0,0.0,4.2,72.0,1010.8,105.0
2026-09-27 14:00:00+00:00,28.3,83.0,0.0,5.8,104.0,1011.0,185.0
2026-09-27 15:00:00+00:00,27.9,84.0,0.0,1.7,139.0,1010.8,120.0
2026-09-27 16:00:00+00:00,27.4,87.0,0.0,3.5,351.0,1010.7,85.0
2026-09-27 17:00:00+00:00,26.8,91.0,0.0,4.5,344.0,1010.4,85.0
2026-09-27 18:00:00+00:00,27.3,89.0,0.0,2.8,342.0,1010.2,85.0
2026-09-27 19:00:00+00:00,26.7,92.0,0.0,4.3,2.0,1010.2,105.0
2026-09-27 20:00:00+00:00,26.2,92.0,0.0,4.6,13.0,1010.3,115.0
2026-09-27 21:00:00+00:00,26.0,90.0,0.0,5.8,2.0,1010.6,125.0
2026-09-27 22:00:00+00:00,25.9,90.0,0.0,4.3,358.0,1011.2,115.0
2026-09-27 23:00:00+00:00,26.6,88.0,0.0,5.6,345.0,1011.9,155.0
